name,method,pattern,actual_sparsity,ppl,csr_targets,csr_target_sparsity,prompt_len,dense_prefill_ms,csr_prefill_ms,prefill_speedup,dense_decode_ms,csr_decode_ms,decode_speedup,check_relative_l2,check_same_next_token,hostname
magnitude-block16x16-50-all,magnitude,block16,0.5000015370575063,33803.19741803803,all,0.5000015370575063,128,142.18738675117493,279.9957450479269,0.507819812500496,34.46234203875065,62.263960018754005,0.553487796606103,0.0001412442943546921,True,c203-40
magnitude-block16x16-50-all,magnitude,block16,0.5000015370575063,33803.19741803803,all,0.5000015370575063,512,508.70126113295555,1203.314084559679,0.4227501927055905,36.11805476248264,63.35631385445595,0.570078222124067,0.0001412442943546921,True,c203-40
magnitude-block16x16-50-mlp,magnitude,block16,0.5000015370575063,33803.19741803803,mlp,0.5000015806932696,128,138.506431132555,252.94519774615765,0.54757485956129,34.33084674179554,56.06664530932903,0.612322113306165,2.1031593860243447e-05,True,c203-40
magnitude-block16x16-50-mlp,magnitude,block16,0.5000015370575063,33803.19741803803,mlp,0.5000015806932696,512,506.00549578666687,1104.0810588747263,0.4583046613465003,35.963913425803185,58.0128189176321,0.6199304584192944,2.1031593860243447e-05,True,c203-40
magnitude-block16x16-70-all,magnitude,block16,0.6999321850228223,9657611.360023422,all,0.6999321850228223,128,148.02511222660542,199.7488047927618,0.7410563100999807,33.89158844947815,45.688604936003685,0.7417952134224783,1.0181624929828104e-05,True,c205-24
magnitude-block16x16-70-all,magnitude,block16,0.6999321850228223,9657611.360023422,all,0.6999321850228223,512,503.28359566628933,853.4414675086737,0.5897107356822621,35.45534424483776,47.23872430622578,0.7505567681082566,1.0181624929828104e-05,True,c205-24
magnitude-block16x16-70-mlp,magnitude,block16,0.6999321850228223,9657611.360023422,mlp,0.6999539030325244,128,148.04217219352722,186.25758402049541,0.7948249354358475,33.67004357278347,42.32610762119293,0.7954911392779401,4.949738922732649e-06,True,c205-24
magnitude-block16x16-70-mlp,magnitude,block16,0.6999321850228223,9657611.360023422,mlp,0.6999539030325244,512,404.17919866740704,747.0357175916433,0.5410440078694416,35.30750051140785,43.56098175048828,0.8105304125982442,4.949738922732649e-06,True,c205-24
magnitude-block16x16-90-all,magnitude,block16,0.89994873494019,10438177.856859898,all,0.89994873494019,128,146.73047699034214,140.84982499480247,1.0417512197530716,33.15400332212448,29.2795579880476,1.1323259502639518,2.1597636532533215e-06,True,c203-12
magnitude-block16x16-90-all,magnitude,block16,0.89994873494019,10438177.856859898,all,0.89994873494019,512,500.64264237880707,578.693388029933,0.8651259073188361,34.897588193416595,30.54121881723404,1.1426390152355121,2.1597636532533215e-06,True,c203-12
magnitude-block16x16-90-mlp,magnitude,block16,0.89994873494019,10438177.856859898,mlp,0.8999650105896251,128,145.70006728172302,117.99533478915691,1.2347951513682387,33.20820815861225,27.706556022167206,1.1985686034757743,2.184356617362937e-06,True,c203-12
magnitude-block16x16-90-mlp,magnitude,block16,0.89994873494019,10438177.856859898,mlp,0.8999650105896251,512,434.6774145960808,473.8041143864393,0.9174200928140391,34.85121577978134,29.118647798895836,1.1968693058989808,2.184356617362937e-06,True,c203-12
magnitude-block4x4-50-all,magnitude,block4,0.5000011430118547,472729.2924794948,all,0.5000011430118547,128,148.4081055969,291.0156063735485,0.5099661404632811,33.88866409659386,62.28132173418999,0.5441224295339628,8.629295734863263e-06,True,c205-24
magnitude-block4x4-50-all,magnitude,block4,0.5000011430118547,472729.2924794948,all,0.5000011430118547,512,404.7814141958952,1116.0999275743961,0.36267488617762106,35.61157546937466,63.400520011782646,0.5616921669216031,8.629295734863263e-06,True,c205-24
magnitude-block4x4-50-mlp,magnitude,block4,0.5000011430118547,472729.2924794948,mlp,0.5000011536511363,128,145.43565921485424,264.5608074963093,0.5497248840113369,33.736057579517365,55.70677109062672,0.6056006643184141,4.693099072028417e-06,True,c205-24
magnitude-block4x4-50-mlp,magnitude,block4,0.5000011430118547,472729.2924794948,mlp,0.5000011536511363,512,509.5434561371803,1151.1386409401894,0.44264299539194696,35.36248952150345,57.71452188491821,0.6127138953349671,4.693099072028417e-06,True,c205-24
magnitude-block4x4-70-all,magnitude,block4,0.699996336213835,5230886.15196106,all,0.699996336213835,128,147.4536471068859,197.27581180632114,0.7474491969225858,33.47363695502281,45.85551284253597,0.7299806474734784,7.977275345183443e-06,True,c203-25
magnitude-block4x4-70-all,magnitude,block4,0.699996336213835,5230886.15196106,all,0.699996336213835,512,418.0125091224909,873.6887592822313,0.4784455616275802,34.99158471822739,47.465186566114426,0.7372052497779079,7.977275345183443e-06,True,c203-25
magnitude-block4x4-70-mlp,magnitude,block4,0.699996336213835,5230886.15196106,mlp,0.699997709906888,128,145.81664092838764,181.79813586175442,0.802079956635373,33.59142318367958,42.32625104486942,0.7936309584345143,5.960834641882684e-06,True,c203-25
magnitude-block4x4-70-mlp,magnitude,block4,0.699996336213835,5230886.15196106,mlp,0.699997709906888,512,461.1399807035923,779.8806671053171,0.5912955663014515,35.18601693212986,43.6079166829586,0.806872228910676,5.960834641882684e-06,True,c203-25
magnitude-block4x4-90-all,magnitude,block4,0.8999969789833376,8775084.472564766,all,0.8999969789833376,128,148.437695519533,152.91399793932214,0.9707266667531289,34.317749028559774,29.19040253618732,1.175651791235701,7.633055361111474e-07,True,c201-9
magnitude-block4x4-90-all,magnitude,block4,0.8999969789833376,8775084.472564766,all,0.8999969789833376,512,508.6960119660944,613.4004804189317,0.8293048802613788,36.001417553052306,30.488180462270975,1.1808319488794663,7.633055361111474e-07,True,c201-9
magnitude-block4x4-90-mlp,magnitude,block4,0.8999969789833376,8775084.472564766,mlp,0.8999979980009839,128,148.28374842181802,118.94064751686528,1.2467037259133134,34.2766729881987,27.87816454656422,1.229516847529442,7.039306524347921e-07,True,c201-9
magnitude-block4x4-90-mlp,magnitude,block4,0.8999969789833376,8775084.472564766,mlp,0.8999979980009839,512,419.58922997582704,469.81428150320426,0.89309594555815,35.90644750511274,29.26018397556618,1.2271436001597442,7.039306524347921e-07,True,c201-9
magnitude-nm1-4-all,magnitude,1:4,0.75,761637.0030216073,all,0.75,128,137.12687697261572,171.72965500503778,0.7985043524870123,33.582538831979036,42.73266019299626,0.7858752223781074,3.0269902708823793e-06,True,c211-29
magnitude-nm1-4-all,magnitude,1:4,0.75,761637.0030216073,all,0.75,512,508.4086717106402,790.8621206879616,0.6428537394968183,35.38605244830251,43.81345817819238,0.8076525779906478,3.0269902708823793e-06,True,c211-29
magnitude-nm1-4-mlp,magnitude,1:4,0.75,761637.0030216073,mlp,0.75,128,136.83155085891485,150.8573805913329,0.9070258963967198,33.324144314974546,39.00038916617632,0.8544567125467409,3.754507588382694e-06,True,c211-29
magnitude-nm1-4-mlp,magnitude,1:4,0.75,761637.0030216073,mlp,0.75,512,503.0843634158373,675.0830169767141,0.7452185150040448,35.05183011293411,40.33590015023947,0.8689983360325731,3.754507588382694e-06,True,c211-29
magnitude-nm2-4-all,magnitude,2:4,0.5,6297.16884451949,all,0.5,128,140.05661569535732,310.7838463038206,0.45065603428576767,33.69620442390442,63.06768395006657,0.5342863779583721,8.942892236518674e-06,True,c205-35
magnitude-nm2-4-all,magnitude,2:4,0.5,6297.16884451949,all,0.5,512,442.1303402632475,1228.6103423684835,0.3598621344916566,35.39651446044445,63.890235498547554,0.5540207229514615,8.942892236518674e-06,True,c205-35
magnitude-nm2-4-mlp,magnitude,2:4,0.5,6297.16884451949,mlp,0.5,128,136.85843534767628,279.57859449088573,0.489516858745557,33.565180376172066,56.66275508701801,0.5923676023981788,1.940124548127642e-06,True,c205-35
magnitude-nm2-4-mlp,magnitude,2:4,0.5,6297.16884451949,mlp,0.5,512,501.0352320969105,1229.7684140503407,0.40742242715985105,35.187896341085434,58.156950399279594,0.6050505760618651,1.940124548127642e-06,True,c205-35
magnitude-nm4-8-all,magnitude,4:8,0.5,2792.916069716191,all,0.5,128,147.3366618156433,299.27776008844376,0.49230741960946844,34.02562066912651,63.113126903772354,0.539121135940624,1.7118771893365192e-06,True,c211-28
magnitude-nm4-8-all,magnitude,4:8,0.5,2792.916069716191,all,0.5,512,432.0346526801586,1145.1267190277576,0.3772810864521328,35.724446177482605,63.97021934390068,0.5584543330300273,1.7118771893365192e-06,True,c211-28
magnitude-nm4-8-mlp,magnitude,4:8,0.5,2792.916069716191,mlp,0.5,128,144.5525549352169,271.8123383820057,0.5318101297228914,33.9006669819355,56.697893887758255,0.5979175707839662,1.5086668554431526e-06,True,c211-28
magnitude-nm4-8-mlp,magnitude,4:8,0.5,2792.916069716191,mlp,0.5,512,509.9750906229019,1073.6228004097939,0.4750039682728871,35.75446829199791,58.70974808931351,0.6090039466291974,1.5086668554431526e-06,True,c211-28
magnitude-u30-all,magnitude,unstructured,0.29999979878519917,21.743524569203167,all,0.29999979878519917,128,149.43822199711576,415.47551000257954,0.3596799772775728,33.8116759667173,78.6446364945732,0.42992983976790894,2.8584504434547853e-06,True,c201-9
magnitude-u30-all,magnitude,unstructured,0.29999979878519917,21.743524569203167,all,0.29999979878519917,512,404.07199802575633,1699.3562665302306,0.23777944977411722,35.43093893676996,80.16764250351116,0.4419605944532817,2.8584504434547853e-06,True,c201-9
magnitude-u30-mlp,magnitude,unstructured,0.29999979878519917,21.743524569203167,mlp,0.29999995410890506,128,148.87297002132982,401.6807735315524,0.3706250829793219,33.45166199142113,70.00131253153086,0.4778719252778785,2.4363801003346452e-06,True,c201-9
magnitude-u30-mlp,magnitude,unstructured,0.29999979878519917,21.743524569203167,mlp,0.29999995410890506,512,409.450433566235,1611.6262249997817,0.2540604187340588,35.1108915056102,71.29653147421777,0.4924628278488833,2.4363801003346452e-06,True,c201-9
magnitude-u50-all,magnitude,unstructured,0.5,481.5179978053711,all,0.5,128,145.2230866998434,297.3811402916908,0.4883399349313111,33.94819051027298,61.89693138003349,0.5484632235132721,2.1342978016036795e-06,True,c203-25
magnitude-u50-all,magnitude,unstructured,0.5,481.5179978053711,all,0.5,512,503.77305783331394,1188.480343669653,0.42388000821100785,35.64463369548321,63.20441514253616,0.5639579705800426,2.1342978016036795e-06,True,c203-25
magnitude-u50-mlp,magnitude,unstructured,0.5,481.5179978053711,mlp,0.5,128,144.6546334773302,263.5947894304991,0.5487765285112766,33.94322469830513,55.743508040905,0.6089179868873222,1.6471143453600234e-06,True,c203-25
magnitude-u50-mlp,magnitude,unstructured,0.5,481.5179978053711,mlp,0.5,512,507.30471312999725,1049.8441942036152,0.48321904900833934,35.59333272278309,57.73615650832653,0.616482545346605,1.6471143453600234e-06,True,c203-25
magnitude-u60-all,magnitude,unstructured,0.5999997317135989,11808.859467594953,all,0.5999997317135989,128,137.0269265025854,248.12918528914452,0.5522402628409397,33.507734537124634,53.794385865330696,0.6228853438536908,1.6044699577832944e-06,True,c205-35
magnitude-u60-all,magnitude,unstructured,0.5999997317135989,11808.859467594953,all,0.5999997317135989,512,495.70694379508495,1139.5911145955324,0.4349866697328743,35.395264625549316,55.57655729353428,0.6368740049622895,1.6044699577832944e-06,True,c205-35
magnitude-u60-mlp,magnitude,unstructured,0.5999997317135989,11808.859467594953,mlp,0.5999999082178101,128,134.45557095110416,231.6084448248148,0.580529656648765,33.308692276477814,48.96489717066288,0.6802565552294182,1.4634637182098231e-06,True,c205-35
magnitude-u60-mlp,magnitude,unstructured,0.5999997317135989,11808.859467594953,mlp,0.5999999082178101,512,491.8780829757452,1060.4689940810204,0.46383070671669774,34.95902009308338,50.14829337596893,0.6971128574803255,1.4634637182098231e-06,True,c205-35
magnitude-u70-all,magnitude,unstructured,0.6999997317135989,369788.7744531923,all,0.6999997317135989,128,149.2766549345106,198.06000596145168,0.7536940848298481,34.132460481487215,46.46202747244388,0.7346313180528078,2.755904006335186e-06,True,c201-9
magnitude-u70-all,magnitude,unstructured,0.6999997317135989,369788.7744531923,all,0.6999997317135989,512,510.93384699197486,922.5576095050201,0.5538232428282784,35.796756972558796,47.65313246753067,0.7511942052697075,2.755904006335186e-06,True,c201-9
magnitude-u70-mlp,magnitude,unstructured,0.6999997317135989,369788.7744531923,mlp,0.6999998164356203,128,146.31355099845678,188.51187796099111,0.7761503019387115,33.98878895677626,42.26440947968513,0.8041941050451293,3.2906627893680707e-06,True,c201-9
magnitude-u70-mlp,magnitude,unstructured,0.6999997317135989,369788.7744531923,mlp,0.6999998164356203,512,504.90721996175125,797.6856164750643,0.6329651801832817,35.59630154632032,43.628961488138884,0.8158869781027827,3.2906627893680707e-06,True,c201-9
magnitude-u80-all,magnitude,unstructured,0.7999997987851992,211672.82873212325,all,0.7999997987851992,128,146.08833566308022,161.56553104519844,0.9042048431865802,33.99461880326271,37.647947669029236,0.9029607430959137,2.9687998903682455e-06,True,c203-25
magnitude-u80-all,magnitude,unstructured,0.7999997987851992,211672.82873212325,all,0.7999997987851992,512,504.6799685806036,775.2765361219645,0.6509676806486101,35.638175904750824,40.02256505191326,0.8904520701890184,2.9687998903682455e-06,True,c203-25
magnitude-u80-mlp,magnitude,unstructured,0.7999997987851992,211672.82873212325,mlp,0.7999999541089051,128,145.26490680873394,144.75765079259872,1.0035041741376556,33.701397478580475,35.117242485284805,0.9596823410238542,1.878427042356634e-06,True,c203-25
magnitude-u80-mlp,magnitude,unstructured,0.7999997987851992,211672.82873212325,mlp,0.7999999541089051,512,496.6130368411541,610.2780811488628,0.8137487682766984,35.347139462828636,36.752549931406975,0.9617601915730657,1.878427042356634e-06,True,c203-25
magnitude-u90-all,magnitude,unstructured,0.8999997987851992,53220778.79039385,all,0.8999997987851992,128,138.09558749198914,137.4943107366562,1.004373102800483,33.43006782233715,29.515819624066353,1.1326152635476614,2.121256329701282e-06,True,c205-35
magnitude-u90-all,magnitude,unstructured,0.8999997987851992,53220778.79039385,all,0.8999997987851992,512,494.1607043147087,598.6021533608437,0.8255244347856923,35.12219525873661,30.72364442050457,1.1431650092687735,2.121256329701282e-06,True,c205-35
magnitude-u90-mlp,magnitude,unstructured,0.8999997987851992,53220778.79039385,mlp,0.8999998623267152,128,137.60976865887642,110.28837785124779,1.2477268352289899,33.341698348522186,27.844218537211418,1.1974370300234447,1.6679126702001668e-06,True,c205-35
magnitude-u90-mlp,magnitude,unstructured,0.8999997987851992,53220778.79039385,mlp,0.8999998623267152,512,412.76594065129757,491.60065315663815,0.8396366807099795,35.00739671289921,29.15843389928341,1.2005924883969692,1.6679126702001668e-06,True,c205-35
sparsegpt-nm1-4-all,sparsegpt,1:4,0.75,3089.906009546529,all,0.75,128,140.66264778375626,172.11826518177986,0.8172441642680847,33.74962694942951,42.62879863381386,0.7917095492027016,2.495531362001202e-06,True,c203-40
sparsegpt-nm1-4-all,sparsegpt,1:4,0.75,3089.906009546529,all,0.75,512,510.3589929640293,809.6592500805855,0.6303380007246668,35.311274230480194,44.24816556274891,0.7980279810787819,2.495531362001202e-06,True,c203-40
sparsegpt-nm1-4-mlp,sparsegpt,1:4,0.75,3089.906009546529,mlp,0.75,128,138.04154843091965,150.3017619252205,0.9184293428283252,33.61121937632561,38.98720443248749,0.8621089884638625,2.045762585112243e-06,True,c203-40
sparsegpt-nm1-4-mlp,sparsegpt,1:4,0.75,3089.906009546529,mlp,0.75,512,511.6202849894762,696.5889725834131,0.734465093657813,35.2547112852335,40.38545675575733,0.8729556161379208,2.045762585112243e-06,True,c203-40
sparsegpt-nm2-4-all,sparsegpt,2:4,0.5,28.21391801113334,all,0.5,128,151.54260548297316,314.5376894972287,0.48179474366078584,34.10303051350638,63.15796548733488,0.5399640449207487,1.948491899383953e-06,True,c201-9
sparsegpt-nm2-4-all,sparsegpt,2:4,0.5,28.21391801113334,all,0.5,512,443.7007709639147,1202.4946009623818,0.36898358679432874,36.01786098442972,64.48376999469474,0.558556997945266,1.948491899383953e-06,True,c201-9
sparsegpt-nm2-4-mlp,sparsegpt,2:4,0.5,28.21391801113334,mlp,0.5,128,147.59336900897324,285.0165999843739,0.5178413082503444,34.02372350683436,57.00457148486748,0.5968595609190106,1.7280133306485368e-06,True,c201-9
sparsegpt-nm2-4-mlp,sparsegpt,2:4,0.5,28.21391801113334,mlp,0.5,512,511.6412194329314,1148.593676974997,0.4454501445458236,35.67151050083339,58.085912954993546,0.6141163784147216,1.7280133306485368e-06,True,c201-9
sparsegpt-nm4-8-all,sparsegpt,4:8,0.5,21.550875327502652,all,0.5,128,146.00842213258147,319.59588220342994,0.456853264585067,33.97157834842801,62.57420079782605,0.5429007149158547,1.989934389712289e-06,True,c202-4
sparsegpt-nm4-8-all,sparsegpt,4:8,0.5,21.550875327502652,all,0.5,512,508.20939196273685,1281.676596030593,0.39651921049091715,35.67693987861276,64.05814783647656,0.5569461666248376,1.989934389712289e-06,True,c202-4
sparsegpt-nm4-8-mlp,sparsegpt,4:8,0.5,21.550875327502652,mlp,0.5,128,144.14665196090937,282.21566835418344,0.5107677146401521,33.80833100527525,57.161477860063314,0.5914530601892629,2.0704073904198594e-06,True,c202-4
sparsegpt-nm4-8-mlp,sparsegpt,4:8,0.5,21.550875327502652,mlp,0.5,512,511.43169635906816,1142.527244053781,0.4476319484027937,35.49732454121113,58.41493420302868,0.6076755032854368,2.0704073904198594e-06,True,c202-4
sparsegpt-u30-all,sparsegpt,unstructured,0.3000038314651657,13.747339680872255,all,0.3000038314651657,128,142.0003417879343,395.5406378954649,0.3590031672686505,34.538839012384415,79.29250970482826,0.43558766321002557,2.8653842036874266e-06,True,c203-40
sparsegpt-u30-all,sparsegpt,unstructured,0.3000038314651657,13.747339680872255,all,0.3000038314651657,512,407.4964951723814,1679.1355106979609,0.24268231633252677,36.10697574913502,80.67284151911736,0.4475728766858746,2.8653842036874266e-06,True,c203-40
sparsegpt-u30-mlp,sparsegpt,unstructured,0.3000038314651657,13.747339680872255,mlp,0.30000276175158763,128,138.60104978084564,360.591571778059,0.3843712960272776,34.5909483730793,79.13048937916756,0.43713805695464275,2.733155042733415e-06,True,c203-40
sparsegpt-u30-mlp,sparsegpt,unstructured,0.3000038314651657,13.747339680872255,mlp,0.30000276175158763,512,401.79228223860264,1378.1571369618177,0.29154315677264775,36.08151338994503,80.43664693832397,0.4485705802432451,2.733155042733415e-06,True,c203-40
sparsegpt-u50-all,sparsegpt,unstructured,0.500006338266226,17.669637508737015,all,0.500006338266226,128,147.3484318703413,298.47692511975765,0.49366774939543756,33.35244208574295,61.883360147476196,0.5389565467398617,2.139848675142275e-06,True,c205-24
sparsegpt-u50-all,sparsegpt,unstructured,0.500006338266226,17.669637508737015,all,0.500006338266226,512,506.22511468827724,1225.1325622200966,0.41320027750379335,35.057442262768745,63.10930289328098,0.5555035574081929,2.139848675142275e-06,True,c205-24
sparsegpt-u50-mlp,sparsegpt,unstructured,0.500006338266226,17.669637508737015,mlp,0.5000049141714149,128,145.01504972577095,268.57196539640427,0.5399485739761893,33.39810110628605,56.65254406630993,0.5895251776724215,1.8919967033070861e-06,True,c205-24
sparsegpt-u50-mlp,sparsegpt,unstructured,0.500006338266226,17.669637508737015,mlp,0.5000049141714149,512,503.89932841062546,1104.0339637547731,0.45641650977555526,35.05230322480202,57.875124737620354,0.6056540419344807,1.8919967033070861e-06,True,c205-24
sparsegpt-u60-all,sparsegpt,unstructured,0.600003188695663,34.05566221009324,all,0.600003188695663,128,143.42431107070297,234.74720295052975,0.6109734611020178,33.38666947092861,52.61823209002614,0.6345076249199391,2.070457867375808e-06,True,c205-14
sparsegpt-u60-all,sparsegpt,unstructured,0.600003188695663,34.05566221009324,all,0.600003188695663,512,506.3369709532708,995.363985421136,0.5086952897326709,35.1150284986943,53.935130941681564,0.6510604106377924,2.070457867375808e-06,True,c205-14
sparsegpt-u60-mlp,sparsegpt,unstructured,0.600003188695663,34.05566221009324,mlp,0.6000025820114658,128,143.7969550024718,213.1139695411548,0.6747420420729525,33.33702846430242,48.83702704682946,0.6826178922057601,1.7921869357451214e-06,True,c205-14
sparsegpt-u60-mlp,sparsegpt,unstructured,0.600003188695663,34.05566221009324,mlp,0.6000025820114658,512,499.69943158794194,860.5858805822209,0.58065027891217,35.040526068769395,49.518913961946964,0.7076190341269691,1.7921869357451214e-06,True,c205-14
sparsegpt-u70-all,sparsegpt,unstructured,0.7000033004816635,218.8068487157057,all,0.7000033004816635,128,137.8758237697184,185.68380875512958,0.7425301360095542,33.45855791121721,45.821622479707,0.730191470763284,3.5195091641071485e-06,True,c211-29
sparsegpt-u70-all,sparsegpt,unstructured,0.7000033004816635,218.8068487157057,all,0.7000033004816635,512,501.19565101340413,856.2660170719028,0.5853270374168282,35.15263320878148,47.64639027416706,0.7377816662816647,3.5195091641071485e-06,True,c211-29
sparsegpt-u70-mlp,sparsegpt,unstructured,0.7000033004816635,218.8068487157057,mlp,0.7000029459533437,128,135.43371204286814,164.94185803458095,0.8210997114781727,33.26277993619442,42.240198235958815,0.787467420261253,1.4117939599600504e-06,True,c211-29
sparsegpt-u70-mlp,sparsegpt,unstructured,0.7000033004816635,218.8068487157057,mlp,0.7000029459533437,512,508.88732075691223,746.5262124314904,0.6816737473951906,34.93215003982186,43.5857274569571,0.8014584607844152,1.4117939599600504e-06,True,c211-29
sparsegpt-u80-all,sparsegpt,unstructured,0.8000042674305675,1803.067426501268,all,0.8000042674305675,128,139.25162330269814,157.60001353919506,0.8835762140849456,33.95585156977177,37.89922408759594,0.8959511015658286,1.7895251858135452e-06,True,c205-34
sparsegpt-u80-all,sparsegpt,unstructured,0.8000042674305675,1803.067426501268,all,0.8000042674305675,512,501.4563910663128,774.3345536291599,0.647596557219462,36.00858896970749,39.947954937815666,0.9013875435115433,1.7895251858135452e-06,True,c205-34
sparsegpt-u80-mlp,sparsegpt,unstructured,0.8000042674305675,1803.067426501268,mlp,0.8000032079150106,128,136.75782643258572,137.44929991662502,0.9949692469553592,33.82399491965771,35.28022766113281,0.9587238281038817,1.3534673826143262e-06,True,c205-34
sparsegpt-u80-mlp,sparsegpt,unstructured,0.8000042674305675,1803.067426501268,mlp,0.8000032079150106,512,395.82317136228085,638.6483572423458,0.6197826501447949,35.49029678106308,36.989521235227585,0.9594689413623257,1.3534673826143262e-06,True,c205-34
sparsegpt-u90-all,sparsegpt,unstructured,0.900004152849917,10780.291430512467,all,0.900004152849917,128,139.54650796949863,137.4938879162073,1.0149288094503681,33.81447494029999,29.884153977036476,1.1315185621879622,1.431888563274697e-06,True,c205-34
sparsegpt-u90-all,sparsegpt,unstructured,0.900004152849917,10780.291430512467,all,0.900004152849917,512,448.64748418331146,594.8044434189796,0.7542772908763976,35.41826829314232,30.98083846271038,1.143231431123886,1.431888563274697e-06,True,c205-34
sparsegpt-u90-mlp,sparsegpt,unstructured,0.900004152849917,10780.291430512467,mlp,0.9000033105325977,128,139.76026512682438,107.62844793498516,1.2985439055225343,33.70681032538414,28.121894225478172,1.1985967252108531,1.3399919680523453e-06,True,c205-34
sparsegpt-u90-mlp,sparsegpt,unstructured,0.900004152849917,10780.291430512467,mlp,0.9000033105325977,512,502.19326838850975,487.23872378468513,1.0306924385805452,35.387204959988594,29.50276806950569,1.1994537216514645,1.3399919680523453e-06,True,c205-34
wanda-block16x16-50-all,wanda,block16,0.5000015035217061,721120061.1602852,all,0.5000015035217061,128,137.74579705204815,259.61975660175085,0.5305674685742279,33.8340854505077,62.3049580026418,0.5430400169609793,7.631595622115128e-07,True,c205-12
wanda-block16x16-50-all,wanda,block16,0.5000015035217061,721120061.1602852,all,0.5000015035217061,512,420.52152298856527,1045.5763103673235,0.4021911349931322,35.5018035043031,63.426120090298355,0.5597347505059426,7.631595622115128e-07,True,c205-12
wanda-block16x16-50-mlp,wanda,block16,0.5000015035217061,721120061.1602852,mlp,0.5000015456375722,128,136.25193887855858,235.9135439619422,0.5775503033456141,33.64143252838403,55.701742065139115,0.6039565600846529,7.406958388855855e-07,True,c205-12
wanda-block16x16-50-mlp,wanda,block16,0.5000015035217061,721120061.1602852,mlp,0.5000015456375722,512,500.3235220210627,973.3168011298403,0.5140397468124251,35.28641606681049,57.67591600306332,0.6118050394715245,7.406958388855855e-07,True,c205-12
wanda-block16x16-70-all,wanda,block16,0.6999322185586224,11358594.653553104,all,0.6999322185586224,128,147.47303305193782,190.1563466526568,0.7755356875956124,33.582589123398066,45.729982666671276,0.7343669768734371,6.069689675314294e-07,True,c205-15
wanda-block16x16-70-all,wanda,block16,0.6999322185586224,11358594.653553104,all,0.6999322185586224,512,498.5496527515352,866.4896627888083,0.5753671095705246,35.18384462222457,47.30831179767847,0.7437138059944706,6.069689675314294e-07,True,c205-15
wanda-block16x16-70-mlp,wanda,block16,0.6999322185586224,11358594.653553104,mlp,0.6999539412751035,128,145.6502741202712,170.95472756773233,0.8519815520314553,33.53529796004295,42.36442595720291,0.7915909917892135,5.821762556479371e-07,True,c205-15
wanda-block16x16-70-mlp,wanda,block16,0.6999322185586224,11358594.653553104,mlp,0.6999539412751035,512,504.8868153244257,753.7851938977838,0.6698019799429629,35.176994279026985,43.67470648139715,0.8054317272632459,5.821762556479371e-07,True,c205-15
wanda-block16x16-90-all,wanda,block16,0.8999487992171403,223676864.31086478,all,0.8999487992171403,128,166.54997691512108,132.01547414064407,1.2615943547472723,34.32622365653515,29.358217492699623,1.1692202929238091,2.45994471015365e-07,True,c203-40
wanda-block16x16-90-all,wanda,block16,0.8999487992171403,223676864.31086478,all,0.8999487992171403,512,497.7177828550339,569.6842409670353,0.873673075474514,35.99817119538784,30.541058629751205,1.1786811856063384,2.45994471015365e-07,True,c203-40
wanda-block16x16-90-mlp,wanda,block16,0.8999487992171403,223676864.31086478,mlp,0.8999650870747833,128,140.4465064406395,102.91005484759808,1.3647500883041024,34.5627348870039,28.445282950997353,1.2150603299163898,2.383011690199055e-07,True,c203-40
wanda-block16x16-90-mlp,wanda,block16,0.8999487992171403,223676864.31086478,mlp,0.8999650870747833,512,503.1292326748371,457.47045055031776,1.0998070631001275,36.30605340003967,29.784290120005608,1.2189665509487335,2.383011690199055e-07,True,c203-40
wanda-block4x4-50-all,wanda,block4,0.5000011709583548,164477.83721577263,all,0.5000011709583548,128,146.15553244948387,294.0360903739929,0.49706664329397277,33.3330724388361,61.88920512795448,0.5385926733090327,2.3736567982268753e-06,True,c203-25
wanda-block4x4-50-all,wanda,block4,0.5000011709583548,164477.83721577263,all,0.5000011709583548,512,470.39931640028954,1183.9947365224361,0.39729848612496405,35.0579172372818,62.653426080942154,0.5595530752299223,2.3736567982268753e-06,True,c203-25
wanda-block4x4-50-mlp,wanda,block4,0.5000011709583548,164477.83721577263,mlp,0.5000012014543602,128,145.15996724367142,267.2345843166113,0.543193043725547,33.417196944355965,55.7106789201498,0.5998346742866458,1.5785132063683704e-06,True,c203-25
wanda-block4x4-50-mlp,wanda,block4,0.5000011709583548,164477.83721577263,mlp,0.5000012014543602,512,482.71273262798786,1050.6299659609795,0.4594507564673021,35.06331145763397,58.07902291417122,0.6037173095947274,1.5785132063683704e-06,True,c203-25
wanda-block4x4-70-all,wanda,block4,0.699996322240585,33397493.046964183,all,0.699996322240585,128,146.03419601917267,186.92325009033084,0.7812521767549061,33.75110402703285,45.75166059657931,0.7377022732494283,7.094371881066763e-07,True,c202-18
wanda-block4x4-70-all,wanda,block4,0.699996322240585,33397493.046964183,all,0.699996322240585,512,498.12132213264704,892.4107667990029,0.5581749354272847,35.35749949514866,47.2993440926075,0.7475262114823861,7.094371881066763e-07,True,c202-18
wanda-block4x4-70-mlp,wanda,block4,0.699996322240585,33397493.046964183,mlp,0.6999976907855985,128,143.98231403902173,173.42625837773085,0.8302221093037782,33.626383636146784,42.23588248714805,0.7961567666161339,6.706353019581002e-07,True,c202-18
wanda-block4x4-70-mlp,wanda,block4,0.699996322240585,33397493.046964183,mlp,0.6999976907855985,512,507.5962340924889,772.6563350297511,0.6569495532227067,35.28619930148125,43.67833794094622,0.8078649730030645,6.706353019581002e-07,True,c202-18
wanda-block4x4-90-all,wanda,block4,0.8999970013405377,8754422.698619125,all,0.8999970013405377,128,149.13957903627306,139.27831000182778,1.0708026183999209,33.84171554353088,29.231575957965106,1.157710949016062,4.193587415102229e-07,True,c201-9
wanda-block4x4-90-all,wanda,block4,0.8999970013405377,8754422.698619125,all,0.8999970013405377,512,505.16798748867586,581.6242704750039,0.8685469522723196,35.697193059604615,30.582618550397456,1.1672379525245293,4.193587415102229e-07,True,c201-9
wanda-block4x4-90-mlp,wanda,block4,0.8999970013405377,8754422.698619125,mlp,0.8999980266829183,128,148.04554352303967,114.54326094826683,1.2924858459364454,33.829877502284944,27.821135008707643,1.215977618874882,4.1899758684849076e-07,True,c201-9
wanda-block4x4-90-mlp,wanda,block4,0.8999970013405377,8754422.698619125,mlp,0.8999980266829183,512,409.48408597614616,464.06289655715227,0.8823891955467197,35.55724798934534,29.275077453348786,1.2145910816464103,4.1899758684849076e-07,True,c201-9
wanda-nm1-4-all,wanda,1:4,0.75,26512.700783945376,all,0.75,128,138.96041736006737,175.12871697545052,0.7934759059506317,33.71582180261612,42.77409985661507,0.7882298380477065,1.6052122191467788e-06,True,c205-35
wanda-nm1-4-all,wanda,1:4,0.75,26512.700783945376,all,0.75,512,506.27086125314236,817.8597874939442,0.6190191387260142,35.30115634202957,43.77017542719841,0.8065116485709521,1.6052122191467788e-06,True,c205-35
wanda-nm1-4-mlp,wanda,1:4,0.75,26512.700783945376,mlp,0.75,128,137.68713362514973,150.58531798422337,0.9143463351425472,33.61492231488228,39.0457957983017,0.8609101601751542,1.337362959930033e-06,True,c205-35
wanda-nm1-4-mlp,wanda,1:4,0.75,26512.700783945376,mlp,0.75,512,502.1556597203016,712.5328630208969,0.7047473678495789,35.28965264558792,40.46284779906273,0.8721495041781355,1.337362959930033e-06,True,c205-35
wanda-nm2-4-all,wanda,2:4,0.5,71.6470601215386,all,0.5,128,147.51865901052952,291.0756468772888,0.5068052260405014,33.52472803089768,63.04172950331122,0.5317862992501945,2.223769570264267e-06,True,c205-14
wanda-nm2-4-all,wanda,2:4,0.5,71.6470601215386,all,0.5,512,446.7779319966212,1091.0906405188143,0.40947829209145997,35.25524598080665,64.5125824958086,0.5464863537759814,2.223769570264267e-06,True,c205-14
wanda-nm2-4-mlp,wanda,2:4,0.5,71.6470601215386,mlp,0.5,128,142.72436255123466,263.9602549606934,0.5407039880776289,33.290171646513045,57.12902103550732,0.5827190986840515,2.8218939860380488e-06,True,c205-14
wanda-nm2-4-mlp,wanda,2:4,0.5,71.6470601215386,mlp,0.5,512,502.94511194806546,1034.1420004842803,0.4863404752079892,34.939919016323984,58.48280852660537,0.5974391431702343,2.8218939860380488e-06,True,c205-14
wanda-nm4-8-all,wanda,4:8,0.5,39.435354206060296,all,0.5,128,149.13705363869667,297.81361669301987,0.5007731187537475,34.09852832555771,62.58400157094002,0.5448441689511728,7.1538524935022e-06,True,c211-28
wanda-nm4-8-all,wanda,4:8,0.5,39.435354206060296,all,0.5,512,438.21270391345024,1132.0387087762356,0.3871004591240259,35.83405911922455,63.751254230737686,0.5620918294333281,7.1538524935022e-06,True,c211-28
wanda-nm4-8-mlp,wanda,4:8,0.5,39.435354206060296,mlp,0.5,128,145.98742872476578,265.91256633400917,0.5490053769831733,34.03004631400108,56.40781298279762,0.603286043448964,7.221885880426271e-06,True,c211-28
wanda-nm4-8-mlp,wanda,4:8,0.5,39.435354206060296,mlp,0.5,512,504.9980394542217,1045.9250807762146,0.4828242947185533,36.037378013134,58.49478021264076,0.6160785267015381,7.221885880426271e-06,True,c211-28
wanda-u30-all,wanda,unstructured,0.2993561126373626,14.079897873671388,all,0.2993561126373626,128,138.34746135398746,390.2376005426049,0.3545210947423379,33.22962066158652,80.18835354596376,0.4143945996165065,2.2605199774261564e-06,True,c211-29
wanda-u30-all,wanda,unstructured,0.2993561126373626,14.079897873671388,all,0.2993561126373626,512,403.15129375085235,1499.1415324620903,0.26892143604929913,35.229663364589214,83.55821995064616,0.4216181649800306,2.2605199774261564e-06,True,c211-29
wanda-u30-mlp,wanda,unstructured,0.2993561126373626,14.079897873671388,mlp,0.29939105576441105,128,137.06759316846728,348.1463994830847,0.3937067663832811,33.29343441873789,70.42464707046747,0.4727525916519569,2.2425006136472803e-06,True,c211-29
wanda-u30-mlp,wanda,unstructured,0.2993561126373626,14.079897873671388,mlp,0.29939105576441105,512,401.2109520845115,1322.2052003256977,0.30344076092400907,34.84785044565797,72.29839963838458,0.48200030180414377,2.2425006136472803e-06,True,c211-29
wanda-u50-all,wanda,unstructured,0.5,23.22864353047331,all,0.5,128,151.147153461352,314.9552124668844,0.4799004667282469,33.928251010365784,62.699397502001375,0.5411256305817419,4.0822624214342795e-06,True,c201-9
wanda-u50-all,wanda,unstructured,0.5,23.22864353047331,all,0.5,512,517.785869538784,1260.5360984453,0.41076639548633515,35.58200254337862,63.73658700613305,0.5582665187258105,4.0822624214342795e-06,True,c201-9
wanda-u50-mlp,wanda,unstructured,0.5,23.22864353047331,mlp,0.5,128,145.5196765018627,290.2594040497206,0.5013435377857235,33.91043795272708,56.91472452599555,0.595811334152002,3.155430022161454e-06,True,c201-9
wanda-u50-mlp,wanda,unstructured,0.5,23.22864353047331,mlp,0.5,512,513.8759345281869,1175.6039534811862,0.43711654167758013,35.593400010839105,58.6118305218406,0.6072733046202318,3.155430022161454e-06,True,c201-9
wanda-u60-all,wanda,unstructured,0.5995020604395604,77.3841008413636,all,0.5995020604395604,128,147.7548312395811,232.56179504096508,0.6353357876927056,33.57907384634018,58.38604271411896,0.5751215921715492,1.766860123098013e-06,True,c205-24
wanda-u60-all,wanda,unstructured,0.5995020604395604,77.3841008413636,all,0.5995020604395604,512,506.76280818879604,1022.6114075630903,0.49555755435627796,35.35766899585724,57.58234299719334,0.6140366500470575,1.766860123098013e-06,True,c205-24
wanda-u60-mlp,wanda,unstructured,0.5995020604395604,77.3841008413636,mlp,0.5995261591478697,128,145.47002129256725,214.81533907353878,0.6771863774717121,33.478543162345886,50.5550242960453,0.6622199005641615,1.5673155076001422e-06,True,c205-24
wanda-u60-mlp,wanda,unstructured,0.5995020604395604,77.3841008413636,mlp,0.5995261591478697,512,507.45355524122715,889.8395206779242,0.5702753625222486,35.142503678798676,51.8350824713707,0.6779675463660816,1.5673155076001422e-06,True,c205-24
wanda-u70-all,wanda,unstructured,0.699793956043956,479.0990164716423,all,0.699793956043956,128,138.4998206049204,187.51392140984535,0.7386108698681851,33.53864327073097,47.2994688898325,0.709070187423192,1.4825867538093007e-06,True,c205-34
wanda-u70-all,wanda,unstructured,0.699793956043956,479.0990164716423,all,0.699793956043956,512,497.33518436551094,903.7752114236355,0.5502863743984566,35.20379215478897,48.89719560742378,0.7199552390985012,1.4825867538093007e-06,True,c205-34
wanda-u70-mlp,wanda,unstructured,0.699793956043956,479.0990164716423,mlp,0.699796365914787,128,137.01675832271576,171.2850257754326,0.7999342482065824,33.45243260264397,42.45171695947647,0.7880112984494118,1.4334623301692773e-06,True,c205-34
wanda-u70-mlp,wanda,unstructured,0.699793956043956,479.0990164716423,mlp,0.699796365914787,512,505.12036494910717,787.9469320178032,0.6410588637683715,35.15937924385071,43.652014806866646,0.8054468825645131,1.4334623301692773e-06,True,c205-34
wanda-u80-all,wanda,unstructured,0.7993561126373626,3743.371861268363,all,0.7993561126373626,128,148.34675646852702,164.19796994887292,0.9034627925955384,33.90769852558151,38.23593998095021,0.8868017509828423,1.5269242794602178e-06,True,c201-9
wanda-u80-all,wanda,unstructured,0.7993561126373626,3743.371861268363,all,0.7993561126373626,512,507.68748455448076,792.9095714935102,0.6402842175283744,35.6319205602631,39.384716481436044,0.9047144106536397,1.5269242794602178e-06,True,c201-9
wanda-u80-mlp,wanda,unstructured,0.7993561126373626,3743.371861268363,mlp,0.799391055764411,128,148.48067902494222,150.01492446754128,0.98977271462793,33.61381351714954,35.23688297718763,0.9539383361153462,1.253164896297676e-06,True,c201-9
wanda-u80-mlp,wanda,unstructured,0.7993561126373626,3743.371861268363,mlp,0.799391055764411,512,507.2406659601256,648.431851528585,0.7822574797403592,35.33742896979675,36.78988548927009,0.9605202217903896,1.253164896297676e-06,True,c201-9
wanda-u90-all,wanda,unstructured,0.8996480082417583,173152.74939857077,all,0.8996480082417583,128,137.73446530103683,132.15610943734646,1.0422103517381087,33.6426068097353,29.772723093628883,1.129980845350842,8.241784712481603e-07,True,c205-35
wanda-u90-all,wanda,unstructured,0.8996480082417583,173152.74939857077,all,0.8996480082417583,512,505.79160265624523,564.3773581832647,0.8961940009152608,35.32252833247185,31.088143587112427,1.1362057767616198,8.241784712481603e-07,True,c205-35
wanda-u90-mlp,wanda,unstructured,0.8996480082417583,173152.74939857077,mlp,0.8996612625313283,128,136.79553382098675,102.62564942240715,1.3329565716844953,33.36404077708721,27.832016348838806,1.19876477359425,7.543603146586975e-07,True,c205-35
wanda-u90-mlp,wanda,unstructured,0.8996480082417583,173152.74939857077,mlp,0.8996612625313283,512,502.41496972739697,476.1495981365442,1.0551620156640784,35.04226915538311,29.397370293736458,1.1920205380700117,7.543603146586975e-07,True,c205-35
