name,method,pattern,target_sparsity,actual_sparsity,ppl,mean_nll,calib_samples,seq_len,eval_tokens,full_eval,model_revision,git_commit
dense,dense,dense,0.0,0.0,13.069563492806397,2.570286129435448,,2048,298862,True,060db6499f32faf8b98477b0a26969ef7d8b9987,3a3d02fcabe40068a21954a67cdc823a55bb6bae
magnitude-block16x16-50,magnitude,block16,0.5,0.5000015370575063,33803.19741803803,10.428310675163791,,2048,298862,True,060db6499f32faf8b98477b0a26969ef7d8b9987,3a3d02fcabe40068a21954a67cdc823a55bb6bae
magnitude-block16x16-70,magnitude,block16,0.7,0.6999321850228223,9657611.360023422,16.083256904393025,,2048,298862,True,060db6499f32faf8b98477b0a26969ef7d8b9987,3a3d02fcabe40068a21954a67cdc823a55bb6bae
magnitude-block16x16-90,magnitude,block16,0.9,0.89994873494019,10438177.856859898,16.160980590402264,,2048,298862,True,060db6499f32faf8b98477b0a26969ef7d8b9987,3a3d02fcabe40068a21954a67cdc823a55bb6bae
magnitude-block4x4-50,magnitude,block4,0.5,0.5000011430118547,472729.2924794948,13.066278183296935,,2048,298862,True,060db6499f32faf8b98477b0a26969ef7d8b9987,3a3d02fcabe40068a21954a67cdc823a55bb6bae
magnitude-block4x4-70,magnitude,block4,0.7,0.699996336213835,5230886.15196106,15.47009125800982,,2048,298862,True,060db6499f32faf8b98477b0a26969ef7d8b9987,3a3d02fcabe40068a21954a67cdc823a55bb6bae
magnitude-block4x4-90,magnitude,block4,0.9,0.8999969789833376,8775084.472564766,15.987426953772976,,2048,298862,True,060db6499f32faf8b98477b0a26969ef7d8b9987,3a3d02fcabe40068a21954a67cdc823a55bb6bae
magnitude-nm1-4,magnitude,1:4,0.75,0.75,761637.0030216073,13.543225347179256,,2048,298862,True,060db6499f32faf8b98477b0a26969ef7d8b9987,3a3d02fcabe40068a21954a67cdc823a55bb6bae
magnitude-nm2-4,magnitude,2:4,0.5,0.5,6297.16884451949,8.747855421614974,,2048,298862,True,060db6499f32faf8b98477b0a26969ef7d8b9987,3a3d02fcabe40068a21954a67cdc823a55bb6bae
magnitude-nm4-8,magnitude,4:8,0.5,0.5,2792.916069716191,7.934841515266732,,2048,298862,True,060db6499f32faf8b98477b0a26969ef7d8b9987,3a3d02fcabe40068a21954a67cdc823a55bb6bae
magnitude-u30,magnitude,unstructured,0.3,0.29999979878519917,21.743524569203167,3.0793159922508346,,2048,298862,True,060db6499f32faf8b98477b0a26969ef7d8b9987,3a3d02fcabe40068a21954a67cdc823a55bb6bae
magnitude-u50,magnitude,unstructured,0.5,0.5,481.5179978053711,6.176943609159287,,2048,298862,True,060db6499f32faf8b98477b0a26969ef7d8b9987,3a3d02fcabe40068a21954a67cdc823a55bb6bae
magnitude-u60,magnitude,unstructured,0.6,0.5999997317135989,11808.859467594953,9.376605331081233,,2048,298862,True,060db6499f32faf8b98477b0a26969ef7d8b9987,3a3d02fcabe40068a21954a67cdc823a55bb6bae
magnitude-u70,magnitude,unstructured,0.7,0.6999997317135989,369788.7744531923,12.820687241750221,,2048,298862,True,060db6499f32faf8b98477b0a26969ef7d8b9987,3a3d02fcabe40068a21954a67cdc823a55bb6bae
magnitude-u80,magnitude,unstructured,0.8,0.7999997987851992,211672.82873212325,12.262797100903237,,2048,298862,True,060db6499f32faf8b98477b0a26969ef7d8b9987,3a3d02fcabe40068a21954a67cdc823a55bb6bae
magnitude-u90,magnitude,unstructured,0.9,0.8999997987851992,53220778.79039385,17.789959456822643,,2048,298862,True,060db6499f32faf8b98477b0a26969ef7d8b9987,3a3d02fcabe40068a21954a67cdc823a55bb6bae
sparsegpt-nm1-4,sparsegpt,1:4,0.75,0.75,3089.906009546529,8.035895951806683,128,2048,298862,True,060db6499f32faf8b98477b0a26969ef7d8b9987,3a3d02fcabe40068a21954a67cdc823a55bb6bae
sparsegpt-nm2-4,sparsegpt,2:4,0.5,0.5,28.21391801113334,3.3398154026841462,128,2048,298862,True,060db6499f32faf8b98477b0a26969ef7d8b9987,3a3d02fcabe40068a21954a67cdc823a55bb6bae
sparsegpt-nm4-8,sparsegpt,4:8,0.5,0.5,21.550875327502652,3.0704164341704487,128,2048,298862,True,060db6499f32faf8b98477b0a26969ef7d8b9987,3a3d02fcabe40068a21954a67cdc823a55bb6bae
sparsegpt-u30,sparsegpt,unstructured,0.3,0.3000038314651657,13.747339680872255,2.6208453276386,128,2048,298862,True,060db6499f32faf8b98477b0a26969ef7d8b9987,3a3d02fcabe40068a21954a67cdc823a55bb6bae
sparsegpt-u50,sparsegpt,unstructured,0.5,0.500006338266226,17.669637508737015,2.871847771618464,128,2048,298862,True,060db6499f32faf8b98477b0a26969ef7d8b9987,3a3d02fcabe40068a21954a67cdc823a55bb6bae
sparsegpt-u60,sparsegpt,unstructured,0.6,0.600003188695663,34.05566221009324,3.5279963098160207,128,2048,298862,True,060db6499f32faf8b98477b0a26969ef7d8b9987,3a3d02fcabe40068a21954a67cdc823a55bb6bae
sparsegpt-u70,sparsegpt,unstructured,0.7,0.7000033004816635,218.8068487157057,5.388189371318033,128,2048,298862,True,060db6499f32faf8b98477b0a26969ef7d8b9987,3a3d02fcabe40068a21954a67cdc823a55bb6bae
sparsegpt-u80,sparsegpt,unstructured,0.8,0.8000042674305675,1803.067426501268,7.497244619343379,128,2048,298862,True,060db6499f32faf8b98477b0a26969ef7d8b9987,3a3d02fcabe40068a21954a67cdc823a55bb6bae
sparsegpt-u90,sparsegpt,unstructured,0.9,0.900004152849917,10780.291430512467,9.285474878467925,128,2048,298862,True,060db6499f32faf8b98477b0a26969ef7d8b9987,3a3d02fcabe40068a21954a67cdc823a55bb6bae
wanda-block16x16-50,wanda,block16,0.5,0.5000015035217061,721120061.1602852,20.396316201719518,128,2048,298862,True,060db6499f32faf8b98477b0a26969ef7d8b9987,3a3d02fcabe40068a21954a67cdc823a55bb6bae
wanda-block16x16-70,wanda,block16,0.7,0.6999322185586224,11358594.653553104,16.245485253530006,128,2048,298862,True,060db6499f32faf8b98477b0a26969ef7d8b9987,3a3d02fcabe40068a21954a67cdc823a55bb6bae
wanda-block16x16-90,wanda,block16,0.9,0.8999487992171403,223676864.31086478,19.22571299827262,128,2048,298862,True,060db6499f32faf8b98477b0a26969ef7d8b9987,3a3d02fcabe40068a21954a67cdc823a55bb6bae
wanda-block4x4-50,wanda,block4,0.5,0.5000011709583548,164477.83721577263,12.010531111939313,128,2048,298862,True,060db6499f32faf8b98477b0a26969ef7d8b9987,3a3d02fcabe40068a21954a67cdc823a55bb6bae
wanda-block4x4-70,wanda,block4,0.7,0.699996322240585,33397493.046964183,17.323991396655774,128,2048,298862,True,060db6499f32faf8b98477b0a26969ef7d8b9987,3a3d02fcabe40068a21954a67cdc823a55bb6bae
wanda-block4x4-90,wanda,block4,0.9,0.8999970013405377,8754422.698619125,15.985069581907089,128,2048,298862,True,060db6499f32faf8b98477b0a26969ef7d8b9987,3a3d02fcabe40068a21954a67cdc823a55bb6bae
wanda-nm1-4,wanda,1:4,0.75,0.75,26512.700783945376,10.185379172024662,128,2048,298862,True,060db6499f32faf8b98477b0a26969ef7d8b9987,3a3d02fcabe40068a21954a67cdc823a55bb6bae
wanda-nm2-4,wanda,2:4,0.5,0.5,71.6470601215386,4.271752122330339,128,2048,298862,True,060db6499f32faf8b98477b0a26969ef7d8b9987,3a3d02fcabe40068a21954a67cdc823a55bb6bae
wanda-nm4-8,wanda,4:8,0.5,0.5,39.435354206060296,3.6746627288321925,128,2048,298862,True,060db6499f32faf8b98477b0a26969ef7d8b9987,3a3d02fcabe40068a21954a67cdc823a55bb6bae
wanda-u30,wanda,unstructured,0.3,0.2993561126373626,14.079897873671388,2.6447480974132067,128,2048,298862,True,060db6499f32faf8b98477b0a26969ef7d8b9987,3a3d02fcabe40068a21954a67cdc823a55bb6bae
wanda-u50,wanda,unstructured,0.5,0.5,23.22864353047331,3.1453861520714956,128,2048,298862,True,060db6499f32faf8b98477b0a26969ef7d8b9987,3a3d02fcabe40068a21954a67cdc823a55bb6bae
wanda-u60,wanda,unstructured,0.6,0.5995020604395604,77.3841008413636,4.348781344008772,128,2048,298862,True,060db6499f32faf8b98477b0a26969ef7d8b9987,3a3d02fcabe40068a21954a67cdc823a55bb6bae
wanda-u70,wanda,unstructured,0.7,0.699793956043956,479.0990164716423,6.171907291020433,128,2048,298862,True,060db6499f32faf8b98477b0a26969ef7d8b9987,3a3d02fcabe40068a21954a67cdc823a55bb6bae
wanda-u80,wanda,unstructured,0.8,0.7993561126373626,3743.371861268363,8.227742051425045,128,2048,298862,True,060db6499f32faf8b98477b0a26969ef7d8b9987,3a3d02fcabe40068a21954a67cdc823a55bb6bae
wanda-u90,wanda,unstructured,0.9,0.8996480082417583,173152.74939857077,12.061929428414123,128,2048,298862,True,060db6499f32faf8b98477b0a26969ef7d8b9987,3a3d02fcabe40068a21954a67cdc823a55bb6bae
