name,method,pattern,actual_sparsity,ppl,type,layers,sparsity,row_nnz_mean,row_nnz_std,col_nnz_mean,col_nnz_std,avg_zero_run,max_zero_run,avg_nonzero_run,max_nonzero_run,block16_occupancy,two_of_four_ratio
magnitude-block16x16-50,magnitude,block16,0.5000015370575063,33803.19741803803,down_proj,24,0.5000016157489671,2431.9921366373696,1141.6937637329102,447.9985542297363,137.16653633117676,41.8146260388616,2030.6666666666667,41.90551030634157,1658,0.5,0.0
magnitude-block16x16-50,magnitude,block16,0.5000015370575063,33803.19741803803,gate_proj,24,0.5000017400373492,447.9984423319499,255.56252988179526,2431.9915364583335,410.7922643025716,45.82423596413848,888.6666666666666,45.175438081013624,860,0.5,0.0
magnitude-block16x16-50,magnitude,block16,0.5000015370575063,33803.19741803803,k_proj,24,0.5000010899135044,447.9990234375,388.12419509887695,63.99986028671265,11.847354710102081,265.7980484050015,881.3333333333334,269.68955445113556,827.3333333333334,0.5,0.0
magnitude-block16x16-50,magnitude,block16,0.5000015370575063,33803.19741803803,o_proj,24,0.5000010899135044,447.9990170796712,141.2434320449829,447.9990170796712,317.3232828776042,71.72350580643332,435.3333333333333,71.97907467641302,460,0.5,0.0
magnitude-block16x16-50,magnitude,block16,0.5000015370575063,33803.19741803803,q_proj,24,0.5000014013173629,447.99874114990234,387.6505584716797,447.99874114990234,60.17117746671041,116.10986057467504,896,115.21710750096427,896,0.5,0.0
magnitude-block16x16-50,magnitude,block16,0.5000015370575063,33803.19741803803,up_proj,24,0.5000013862934924,447.99875768025714,161.12579790751138,2431.9932454427085,690.3903121948242,36.01037074751601,596.6666666666666,35.206159775421995,558,0.5,0.0
magnitude-block16x16-50,magnitude,block16,0.5000015370575063,33803.19741803803,v_proj,24,0.5000010899135044,447.9990234375,221.33166694641113,63.99986028671265,28.906411508719128,86.25885391871425,398.6666666666667,85.34280096916638,324,0.5,0.0
magnitude-block16x16-70,magnitude,block16,0.6999321850228223,9657611.360023422,down_proj,24,0.6999539922652089,1459.4237670898438,995.8910547892252,268.8412221272786,122.17040983835857,66.9975029610432,3362.6666666666665,29.00846413520057,868.6666666666666,0.30004698038101196,0.0
magnitude-block16x16-70,magnitude,block16,0.6999321850228223,9657611.360023422,gate_proj,24,0.6999538679768268,268.8413314819336,233.16511090596518,1459.4243876139324,340.5627581278483,73.61595449135878,896,32.63520910845169,769.3333333333334,0.30004698038101196,0.0
magnitude-block16x16-70,magnitude,block16,0.6999321850228223,9657611.360023422,k_proj,24,0.6986614408947173,269.9993489583333,323.3011480967204,38.57133706410726,15.241464455922445,139.63473612490282,896,68.65329501461325,546.6666666666666,0.3013392984867096,0.0
magnitude-block16x16-70,magnitude,block16,0.6999321850228223,9657611.360023422,o_proj,24,0.6999370029994421,268.8564453125,119.72990640004475,268.8564453125,292.9407539367676,109.23955784870296,598.6666666666666,50.32393589506285,258,0.3000637888908386,0.0
magnitude-block16x16-70,magnitude,block16,0.6999321850228223,9657611.360023422,q_proj,24,0.6999367434962267,268.8566780090332,351.7511215209961,268.8566780090332,55.703025023142494,168.33563018213886,896,81.12633941710259,896,0.3000637888908386,0.0
magnitude-block16x16-70,magnitude,block16,0.6999321850228223,9657611.360023422,up_proj,24,0.6999538488555372,268.84135309855145,146.23817602793375,1459.4244689941406,566.7822532653809,58.43287108879697,833.3333333333334,25.393998571617576,361.3333333333333,0.30004698038101196,0.0
magnitude-block16x16-70,magnitude,block16,0.6999321850228223,9657611.360023422,v_proj,24,0.6986614408947173,269.9993489583333,167.7555669148763,38.57133706410726,29.30540172259013,65.7783654640161,542.6666666666666,28.510809815842176,94,0.3013392984867096,0.0
magnitude-block16x16-90,magnitude,block16,0.89994873494019,10438177.856859898,down_proj,24,0.899965042458441,486.57003529866535,574.4093742370605,89.63131936391194,66.48709869384766,184.8022255973369,4612,21.314618278559056,214,0.10003524273633957,0.0
magnitude-block16x16-90,magnitude,block16,0.89994873494019,10438177.856859898,gate_proj,24,0.8999649755339276,89.63137912750244,141.01463254292807,486.5703595479329,171.4769827524821,180.03504497109157,896,24.087582460962672,408.6666666666667,0.10003524273633957,0.0
magnitude-block16x16-90,magnitude,block16,0.89994873494019,10438177.856859898,k_proj,24,0.8995535714285714,90.0,145.98702017466226,12.857142448425293,13.301787436008453,192.0475555522922,896,27.702237707962418,79.33333333333333,0.1004464253783226,0.0
magnitude-block16x16-90,magnitude,block16,0.89994873494019,10438177.856859898,o_proj,24,0.8998727084828072,89.71405442555745,65.15680392583211,89.71405442555745,176.3782402674357,255.1481609490619,868.6666666666666,36.38581790254098,124,0.10012754797935486,0.0
magnitude-block16x16-90,magnitude,block16,0.89994873494019,10438177.856859898,q_proj,24,0.899872552780878,89.7141939798991,217.16598320007324,89.7141939798991,32.98421017328898,311.5018842047981,896,51.541478385885355,707.3333333333334,0.10012754797935486,0.0
magnitude-block16x16-90,magnitude,block16,0.89994873494019,10438177.856859898,up_proj,24,0.8999650137765067,89.63134479522705,85.61510785420735,486.57017517089844,277.1348813374837,151.89389341466637,896,19.327512079554218,193.33333333333334,0.10003524273633957,0.0
magnitude-block16x16-90,magnitude,block16,0.89994873494019,10438177.856859898,v_proj,24,0.8995539347330729,89.99967447916667,72.479664961497,12.857095956802368,19.65688927968343,147.93520504253223,762,18.739466009897274,43.333333333333336,0.1004464253783226,0.0
magnitude-block4x4-50,magnitude,block4,0.5000011430118547,472729.2924794948,down_proj,24,0.5000010612315702,2431.994842529297,745.3583793640137,447.9990514119466,86.97428766886394,8.89297581576702,501.1666666666667,8.896010532852957,290.3333333333333,0.9997870475053787,0.0
magnitude-block4x4-50,magnitude,block4,0.5000011430118547,472729.2924794948,gate_proj,24,0.5000013193689791,447.9988199869792,156.84883499145508,2431.993581136068,263.35136222839355,9.069098900153616,303.6666666666667,9.058745947086392,336.6666666666667,0.9998017325997353,0.0
magnitude-block4x4-50,magnitude,block4,0.5000011430118547,472729.2924794948,k_proj,24,0.5000010899135044,447.9990234375,299.8260860443115,63.99986028671265,13.071658293406168,14.892554403860037,824.8333333333334,14.93163334030041,329.1666666666667,0.9442894433935484,0.0
magnitude-block4x4-50,magnitude,block4,0.5000011430118547,472729.2924794948,o_proj,24,0.5000009861122183,447.9991111755371,157.4848721822103,447.9991111755371,201.62248738606772,12.57008072169811,512.1666666666666,12.57522918951454,342.8333333333333,0.9644717251261076,0.0
magnitude-block4x4-50,magnitude,block4,0.5000011430118547,472729.2924794948,q_proj,24,0.5000011937147906,447.99892552693683,318.96760813395184,447.99892552693683,72.47591050465901,16.124856344018156,896,16.169233808518808,859.1666666666666,0.8926844174663225,0.0
magnitude-block4x4-50,magnitude,block4,0.5000011430118547,472729.2924794948,up_proj,24,0.5000010803528596,447.9990348815918,92.55521043141682,2431.9947408040366,384.4550526936849,8.30989351916412,149.33333333333334,8.30421758338552,179.66666666666666,0.9999387959639231,0.0
magnitude-block4x4-50,magnitude,block4,0.5000011430118547,472729.2924794948,v_proj,24,0.500000726609003,447.9993489583333,116.19592094421387,63.99990685780843,24.724807500839233,8.84746640205152,69.5,8.815510930294526,72.5,0.9920014888048172,0.0
magnitude-block4x4-70,magnitude,block4,0.699996336213835,5230886.15196106,down_proj,24,0.6999977035331248,1459.211166381836,623.3817075093588,268.802054087321,77.5574402809143,14.496060844516958,1279.6666666666667,6.224968139296581,147.33333333333334,0.9911668871839842,0.0
magnitude-block4x4-70,magnitude,block4,0.699996336213835,5230886.15196106,gate_proj,24,0.6999977704576382,268.8019955952962,146.5348415374756,1459.2108408610027,219.1699619293213,15.108196895094697,704.6666666666666,6.529457437664427,179.5,0.9895980233947436,0.0
magnitude-block4x4-70,magnitude,block4,0.699996336213835,5230886.15196106,k_proj,24,0.6999170212518602,268.8743489583333,249.48072878519693,38.41062037150065,12.4341268936793,21.27880887146477,896,9.27523062227231,146.5,0.826450894276301,0.0
magnitude-block4x4-70,magnitude,block4,0.699996336213835,5230886.15196106,o_proj,24,0.699996533037043,268.80309804280597,133.06521797180176,268.80309804280597,181.13309860229492,20.133330422329347,731.5,8.74008034278926,196,0.877365010480086,0.0
magnitude-block4x4-70,magnitude,block4,0.699996336213835,5230886.15196106,q_proj,24,0.6999964811363999,268.80314509073895,279.1259587605794,268.80314509073895,62.43196098009745,24.470829556200645,896,10.68119015065074,525.5,0.7626620953281721,0.0
magnitude-block4x4-70,magnitude,block4,0.699996336213835,5230886.15196106,up_proj,24,0.6999976557299009,268.8020985921224,84.19150431950887,1459.2113952636719,314.28447914123535,13.76105818635154,307.1666666666667,5.945626239111524,123.66666666666667,0.993966855108738,0.0
magnitude-block4x4-70,magnitude,block4,0.699996336213835,5230886.15196106,v_proj,24,0.6999166579473587,268.8746744791667,98.99539359410603,38.41066678365072,22.02812381585439,14.513182940807335,163.83333333333334,6.250767319896526,36.5,0.9337797661622366,0.0
magnitude-block4x4-90,magnitude,block4,0.8999969789833376,8775084.472564766,down_proj,24,0.8999980075616286,486.4096908569336,325.93771743774414,89.60178565979004,42.7360258102417,41.818496381851226,2958,4.683581835015636,58.333333333333336,0.7821066305041313,0.0
magnitude-block4x4-90,magnitude,block4,0.8999969789833376,8775084.472564766,gate_proj,24,0.8999979980009839,89.60179424285889,89.2483123143514,486.40973536173504,111.04300053914388,43.035381550487074,896,4.9873590720467496,80.66666666666667,0.7609967316190401,0.0
magnitude-block4x4-90,magnitude,block4,0.8999969789833376,8775084.472564766,k_proj,24,0.8999720982142857,89.625,128.5788361231486,12.803571701049805,8.119412223498026,52.355131860774044,896,6.194376015993016,48.666666666666664,0.5245535733799139,0.0
magnitude-block4x4-90,magnitude,block4,0.8999969789833376,8775084.472564766,o_proj,24,0.8999921837631537,89.60700035095215,72.63481744130452,89.60700035095215,102.36047410964966,54.042172289256555,888.5,6.340863040804424,88.83333333333333,0.5435267848273119,0.0
magnitude-block4x4-90,magnitude,block4,0.8999969789833376,8775084.472564766,q_proj,24,0.8999922356637967,89.60695393880208,161.57051849365234,89.60695393880208,32.320010821024574,59.27695781983051,896,7.020751271264857,135.16666666666666,0.45075999076167744,0.0
magnitude-block4x4-90,magnitude,block4,0.8999969789833376,8775084.472564766,up_proj,24,0.8999979884403391,89.60180282592773,48.826841274897255,486.4097836812337,150.01100413004556,39.67775901327504,810.3333333333334,4.585593986844698,75.33333333333333,0.7940065041184425,0.0
magnitude-block4x4-90,magnitude,block4,0.8999969789833376,8775084.472564766,v_proj,24,0.8999724615187872,89.62467447916667,49.655235250790916,12.80352516969045,13.023211518923441,40.299614950793384,523.6666666666666,4.623950826250368,16.666666666666668,0.6494605652987957,0.0
magnitude-nm1-4,magnitude,1:4,0.75,761637.0030216073,down_proj,24,0.75,1216.0,0.0,224.0,41.06541315714518,3.198138058234622,6,1.0665015203459272,2,1.0,0.0
magnitude-nm1-4,magnitude,1:4,0.75,761637.0030216073,gate_proj,24,0.75,224.0,0.0,1216.0,122.69811375935872,3.191097851050867,6,1.0663402392693726,2,1.0,0.0
magnitude-nm1-4,magnitude,1:4,0.75,761637.0030216073,k_proj,24,0.75,224.0,0.0,32.0,9.137488583723703,3.1894163750551834,6,1.0658987985801873,2,1.0,0.0
magnitude-nm1-4,magnitude,1:4,0.75,761637.0030216073,o_proj,24,0.75,224.0,0.0,224.0,41.70659430821737,3.1914621130185603,6,1.066444861137255,2,1.0,0.0
magnitude-nm1-4,magnitude,1:4,0.75,761637.0030216073,q_proj,24,0.75,224.0,0.0,224.0,58.52476922671,3.188418064820223,6,1.0654792552923091,2,1.0,0.0
magnitude-nm1-4,magnitude,1:4,0.75,761637.0030216073,up_proj,24,0.75,224.0,0.0,1216.0,170.8976494471232,3.1936370400496963,6,1.0671768711124865,2,1.0,0.0
magnitude-nm1-4,magnitude,1:4,0.75,761637.0030216073,v_proj,24,0.75,224.0,0.0,32.0,11.926863888899485,3.1945011579782463,6,1.0675374660169223,2,1.0,0.0
magnitude-nm2-4,magnitude,2:4,0.5,6297.16884451949,down_proj,24,0.5,2432.0,0.0,448.0,48.23933593432108,1.6002534680274039,4,1.6002343680423547,4,1.0,1.0
magnitude-nm2-4,magnitude,2:4,0.5,6297.16884451949,gate_proj,24,0.5,448.0,0.0,2432.0,158.7639948527018,1.5983611691232482,4,1.5985017052832216,4,1.0,1.0
magnitude-nm2-4,magnitude,2:4,0.5,6297.16884451949,k_proj,24,0.5,448.0,0.0,64.0,11.091630021731058,1.5969389679706187,4,1.597221976682303,4,1.0,1.0
magnitude-nm2-4,magnitude,2:4,0.5,6297.16884451949,o_proj,24,0.5,448.0,0.0,448.0,48.180607636769615,1.5994805419362774,4,1.5995821678725046,4,1.0,1.0
magnitude-nm2-4,magnitude,2:4,0.5,6297.16884451949,q_proj,24,0.5,448.0,0.0,448.0,77.41695562998454,1.5978716961569346,4,1.5981808025779305,4,1.0,1.0
magnitude-nm2-4,magnitude,2:4,0.5,6297.16884451949,up_proj,24,0.5,448.0,0.0,2432.0,231.51811408996582,1.5986131108903703,4,1.59873474024809,4,1.0,1.0
magnitude-nm2-4,magnitude,2:4,0.5,6297.16884451949,v_proj,24,0.5,448.0,0.0,64.0,14.95879034201304,1.5962994501745496,4,1.5965416227167282,4,1.0,1.0
magnitude-nm4-8,magnitude,4:8,0.5,2792.916069716191,down_proj,24,0.5,2432.0,0.0,448.0,49.33760420481364,1.7777559011893955,8,1.7777579897445117,8,1.0,0.514149139324824
magnitude-nm4-8,magnitude,4:8,0.5,2792.916069716191,gate_proj,24,0.5,448.0,0.0,2432.0,164.07799625396729,1.7757301570119126,8,1.7759339547868258,8,1.0,0.5142497221628824
magnitude-nm4-8,magnitude,4:8,0.5,2792.916069716191,k_proj,24,0.5,448.0,0.0,64.0,11.20474100112915,1.7742807072487934,7.875,1.7747707987439287,7.958333333333333,1.0,0.5145205607016882
magnitude-nm4-8,magnitude,4:8,0.5,2792.916069716191,o_proj,24,0.5,448.0,0.0,448.0,48.77223348617554,1.7763662141934726,8,1.7765388687813652,8,1.0,0.5138985787828764
magnitude-nm4-8,magnitude,4:8,0.5,2792.916069716191,q_proj,24,0.5,448.0,0.0,448.0,79.31862751642863,1.7752395057446382,8,1.7758579874377742,8,1.0,0.5140958055853844
magnitude-nm4-8,magnitude,4:8,0.5,2792.916069716191,up_proj,24,0.5,448.0,0.0,2432.0,237.74782117207846,1.7756010500762807,8,1.7757742288014873,8,1.0,0.5145308822393417
magnitude-nm4-8,magnitude,4:8,0.5,2792.916069716191,v_proj,24,0.5,448.0,0.0,64.0,15.023757378260294,1.7749653353872854,7.916666666666667,1.7751857386882999,7.916666666666667,1.0,0.5150204623738924
magnitude-u30,magnitude,unstructured,0.29999979878519917,21.743524569203167,down_proj,24,0.2999999541089051,3404.80029296875,365.7838411331177,627.2000122070312,38.632967472076416,1.4730683223861543,24,3.435819349036825,53.916666666666664,1.0,0.2511271269371112
magnitude-u30,magnitude,unstructured,0.29999979878519917,21.743524569203167,gate_proj,24,0.2999999541089051,627.2000122070312,56.638513247172035,3404.80029296875,142.92626285552979,1.4548161139897404,28.458333333333332,3.387467778495656,60.541666666666664,1.0,0.25746843094627064
magnitude-u30,magnitude,unstructured,0.29999979878519917,21.743524569203167,k_proj,24,0.2999965122767857,627.203125,98.25584030151367,89.60044860839844,10.081117331981659,1.5167491195346468,19.25,3.532558124484272,46.333333333333336,1.0,0.2412690663089355
magnitude-u30,magnitude,unstructured,0.29999979878519917,21.743524569203167,o_proj,24,0.2999990035076531,627.2008666992188,97.61355590820312,627.2008666992188,60.036887327829994,1.5640243269863146,40.875,3.6413933089797417,67.58333333333333,1.0,0.2281180682281653
magnitude-u30,magnitude,unstructured,0.29999979878519917,21.743524569203167,q_proj,24,0.2999990035076531,627.2008666992188,120.66349824269612,627.2008666992188,71.09243027369182,1.5665441905920565,64.75,3.6485409061887957,67.875,1.0,0.22870142944157124
magnitude-u30,magnitude,unstructured,0.29999979878519917,21.743524569203167,up_proj,24,0.2999999541089051,627.2000122070312,36.019001483917236,3404.80029296875,214.23688634236655,1.4373727614278178,19.75,3.346818123748772,50.5,1.0,0.2618597125013669
magnitude-u30,magnitude,unstructured,0.29999979878519917,21.743524569203167,v_proj,24,0.2999965122767857,627.203125,30.355445702870686,89.60044860839844,14.515950282414755,1.4363234568449774,9.916666666666666,3.3440477383623786,33.083333333333336,1.0,0.2630804131428401
magnitude-u50,magnitude,unstructured,0.5,481.5179978053711,down_proj,24,0.5,2432.0,463.64967155456543,448.0,48.81928197542826,2.083425831729669,101.79166666666667,2.0834488179415276,30,1.0,0.349525511264801
magnitude-u50,magnitude,unstructured,0.5,481.5179978053711,gate_proj,24,0.5,448.0,75.93691937128703,2432.0,167.42675590515137,2.055995263654217,84.08333333333333,2.056107278288108,31.666666666666668,1.0,0.3556765206158161
magnitude-u50,magnitude,unstructured,0.5,481.5179978053711,k_proj,24,0.5,448.0,132.41812419891357,64.0,10.811945776144663,2.195271367952638,87.25,2.19621450872729,26.083333333333332,1.0,0.31750633505483467
magnitude-u50,magnitude,unstructured,0.5,481.5179978053711,o_proj,24,0.5,448.0,118.76337639490764,448.0,78.04506921768188,2.2516248712237856,191.375,2.2519179656192803,43.958333333333336,1.0,0.30977583800752956
magnitude-u50,magnitude,unstructured,0.5,481.5179978053711,q_proj,24,0.5,448.0,154.20735836029053,448.0,75.32631587982178,2.270747455820901,402,2.2717085263013894,36.5,1.0,0.3026602591077487
magnitude-u50,magnitude,unstructured,0.5,481.5179978053711,up_proj,24,0.5,448.0,46.99620461463928,2432.0,247.39084180196127,2.0178389738669846,57,2.0179117288845734,27.75,1.0,0.3680618405342102
magnitude-u50,magnitude,unstructured,0.5,481.5179978053711,v_proj,24,0.5,448.0,41.78597092628479,64.0,15.294780572255453,2.016316521813045,18.666666666666668,2.0161341397588806,17,1.0,0.3678501670559247
magnitude-u60,magnitude,unstructured,0.5999997317135989,11808.859467594953,down_proj,24,0.5999999082178101,1945.6004638671875,454.5953718821208,358.40008544921875,49.21737106641134,2.6028839928983425,223.16666666666666,1.73559383158642,24.416666666666668,1.0,0.32819173360864323
magnitude-u60,magnitude,unstructured,0.5999997317135989,11808.859467594953,gate_proj,24,0.5999999082178101,358.40008544921875,79.47625350952148,1945.6004638671875,161.882181485494,2.579308361157549,120.875,1.7212743091797515,26.541666666666668,1.0,0.3272827056547006
magnitude-u60,magnitude,unstructured,0.5999997317135989,11808.859467594953,k_proj,24,0.5999930245535714,358.40625,137.10547637939453,51.20089340209961,10.29935888449351,2.775981545505691,206.16666666666666,1.8534099000292446,19.291666666666668,1.0,0.29523140875001747
magnitude-u60,magnitude,unstructured,0.5999997317135989,11808.859467594953,o_proj,24,0.5999992526307398,358.4006652832031,113.7781351407369,358.4006652832031,80.69437011082967,2.815679549113966,390.875,1.8793346685230303,36.708333333333336,1.0,0.2952997138102849
magnitude-u60,magnitude,unstructured,0.5999997317135989,11808.859467594953,q_proj,24,0.5999992526307398,358.4006652832031,155.60490226745605,358.4006652832031,69.89304637908936,2.8583993511208745,666.0833333333334,1.9083819918272065,29.583333333333332,0.9996412619948387,0.28533022105693817
magnitude-u60,magnitude,unstructured,0.5999997317135989,11808.859467594953,up_proj,24,0.5999999082178101,358.40008544921875,48.11742043495178,1945.6004638671875,235.84258778889975,2.523644850756126,82.875,1.6840901480542063,22.5,1.0,0.3394220136106014
magnitude-u60,magnitude,unstructured,0.5999997317135989,11808.859467594953,v_proj,24,0.5999930245535714,358.40625,44.04321161905924,51.20089340209961,14.627254088719686,2.5220404589283736,27.083333333333332,1.6828091589977439,13.375,1.0,0.3391185961663723
magnitude-u70,magnitude,unstructured,0.6999997317135989,369788.7744531923,down_proj,24,0.6999998164356203,1459.200927734375,405.36326090494794,268.8001708984375,46.15288472175598,3.4549480686844776,417.6666666666667,1.4813154319905348,19.041666666666668,1.0,0.26006537054975826
magnitude-u70,magnitude,unstructured,0.6999997317135989,369788.7744531923,gate_proj,24,0.6999998164356203,268.8001708984375,78.18819983800252,1459.200927734375,144.86183389027914,3.448334592804968,188.66666666666666,1.4811815570646063,21.041666666666668,1.0,0.25355862515668076
magnitude-u70,magnitude,unstructured,0.6999997317135989,369788.7744531923,k_proj,24,0.6999947684151786,268.8046875,130.95325215657553,38.40066909790039,9.28523713350296,3.722110328232053,358.6666666666667,1.5996876577254195,13.5,1.0,0.23903983210523924
magnitude-u70,magnitude,unstructured,0.6999997317135989,369788.7744531923,o_proj,24,0.6999997508769132,268.80023193359375,100.10533634821574,268.80023193359375,78.03662919998169,3.7340665559307786,630.4166666666666,1.6043114148441915,29.583333333333332,0.9999069944024086,0.2407218273729086
magnitude-u70,magnitude,unstructured,0.6999997317135989,369788.7744531923,q_proj,24,0.6999997508769132,268.80023193359375,146.39074357350668,268.80023193359375,60.27926596005758,3.8138017287832424,831.4166666666666,1.6390096580894036,21.916666666666668,0.9956685801347097,0.23383274177710214
magnitude-u70,magnitude,unstructured,0.6999997317135989,369788.7744531923,up_proj,24,0.6999998164356203,268.8001708984375,45.991410652796425,1459.200927734375,207.13303565979004,3.3639716080840727,126.33333333333333,1.444888761707501,19.208333333333332,1.0,0.2615239806473255
magnitude-u70,magnitude,unstructured,0.6999997317135989,369788.7744531923,v_proj,24,0.6999947684151786,268.8046875,43.15336227416992,38.40066909790039,13.348232587178549,3.365768657627411,42.125,1.4453877613424178,10.541666666666666,1.0,0.2610270207126935
magnitude-u80,magnitude,unstructured,0.7999997987851992,211672.82873212325,down_proj,24,0.7999999541089051,972.8002319335938,316.26273345947266,179.20004272460938,39.16100231806437,5.139280158770904,904.625,1.2858543163662788,13.958333333333334,1.0,0.15819555334746838
magnitude-u80,magnitude,unstructured,0.7999997987851992,211672.82873212325,gate_proj,24,0.7999999541089051,179.20004272460938,70.82722838719685,972.8002319335938,115.69691530863444,5.178090667849021,290.625,1.30019213783772,15.5,1.0,0.15325189692278704
magnitude-u80,magnitude,unstructured,0.7999997987851992,211672.82873212325,k_proj,24,0.7999965122767857,179.203125,112.04009755452473,25.600446701049805,7.8052205840746565,5.548546016456319,615.5,1.3941533461125637,10.791666666666666,0.9994419639309248,0.1564142145216465
magnitude-u80,magnitude,unstructured,0.7999997987851992,211672.82873212325,o_proj,24,0.7999990035076531,179.20089721679688,79.14309374491374,179.20089721679688,68.41536617279053,5.539269924863005,796.125,1.3914086557123526,25.375,0.9996412619948387,0.1561185885220766
magnitude-u80,magnitude,unstructured,0.7999997987851992,211672.82873212325,q_proj,24,0.7999990035076531,179.20089721679688,124.94983259836833,179.20089721679688,46.527863343556724,5.673509432600958,887.5833333333334,1.4255662045709103,16.916666666666668,0.9865274255474409,0.15501268828908601
magnitude-u80,magnitude,unstructured,0.7999997987851992,211672.82873212325,up_proj,24,0.7999999541089051,179.20004272460938,39.98198080062866,972.8002319335938,160.55668544769287,5.036407344982533,194.75,1.2644771337316822,14.666666666666666,1.0,0.15416646872957548
magnitude-u80,magnitude,unstructured,0.7999997987851992,211672.82873212325,v_proj,24,0.7999965122767857,179.203125,37.91430981953939,25.600446701049805,11.329095562299093,5.03882256302227,69.16666666666667,1.2647689010313448,7.5,1.0,0.15482584573328495
magnitude-u90,magnitude,unstructured,0.8999997987851992,53220778.79039385,down_proj,24,0.8999998623267152,486.4006652832031,188.40848668416342,89.6001205444336,26.907218257586162,10.156030151305053,1883.125,1.130560909514562,10.291666666666666,1.0,0.053153283738841615
magnitude-u90,magnitude,unstructured,0.8999997987851992,53220778.79039385,gate_proj,24,0.8999998623267152,89.6001205444336,53.879454612731934,486.4006652832031,73.76947100957234,10.309274824301601,587.5,1.1572975909649152,11.208333333333334,1.0,0.05562715853254
magnitude-u90,magnitude,unstructured,0.8999997987851992,53220778.79039385,k_proj,24,0.8999982561383929,89.6015625,75.8219010035197,12.800223350524902,5.622152070204417,10.80592038329845,868.6666666666666,1.2140213215937337,7.375,0.9891183078289032,0.0639793761074543
magnitude-u90,magnitude,unstructured,0.8999997987851992,53220778.79039385,o_proj,24,0.8999995017538265,89.60044860839844,51.501335302988686,89.60044860839844,48.304538091023765,10.894468662519461,885.7916666666666,1.2237748032425102,19.916666666666668,0.9975951313972473,0.06269099501272042
magnitude-u90,magnitude,unstructured,0.8999997987851992,53220778.79039385,q_proj,24,0.8999995017538265,89.60044860839844,86.7414665222168,89.60044860839844,28.272136727968853,11.05877192306729,896,1.2426408247352028,11,0.9531117131312689,0.06613221454123656
magnitude-u90,magnitude,unstructured,0.8999997987851992,53220778.79039385,up_proj,24,0.8999998623267152,89.6001205444336,28.612730304400127,486.4006652832031,94.02394898732503,10.007792590937958,399,1.1231553324648957,11,1.0,0.0509957525258263
magnitude-u90,magnitude,unstructured,0.8999997987851992,53220778.79039385,v_proj,24,0.8999982561383929,89.6015625,26.19630976517995,12.800223350524902,8.301239530245462,10.003812375236262,183.45833333333334,1.1221462524243215,5.083333333333333,0.9997209832072258,0.051225934798518814
sparsegpt-nm1-4,sparsegpt,1:4,0.75,3089.906009546529,down_proj,24,0.75,1216.0,0.0,224.0,92.21630144119263,3.198396528434549,6,1.0666084688727913,2,1.0,0.0
sparsegpt-nm1-4,sparsegpt,1:4,0.75,3089.906009546529,gate_proj,24,0.75,224.0,0.0,1216.0,379.6676317850749,3.1877708718570523,6,1.0650223922672113,2,1.0,0.0
sparsegpt-nm1-4,sparsegpt,1:4,0.75,3089.906009546529,k_proj,24,0.75,224.0,0.0,32.0,19.23228128751119,3.1874059808355275,6,1.0646563568553828,2,1.0,0.0
sparsegpt-nm1-4,sparsegpt,1:4,0.75,3089.906009546529,o_proj,24,0.75,224.0,0.0,224.0,56.90280040105184,3.1916734510890525,6,1.0661572595629092,2,1.0,0.0
sparsegpt-nm1-4,sparsegpt,1:4,0.75,3089.906009546529,q_proj,24,0.75,224.0,0.0,224.0,112.04159863789876,3.186318066964791,6,1.0643833822485256,2,1.0,0.0
sparsegpt-nm1-4,sparsegpt,1:4,0.75,3089.906009546529,up_proj,24,0.75,224.0,0.0,1216.0,294.7485243479411,3.19138940438772,6,1.066237514077174,2,1.0,0.0
sparsegpt-nm1-4,sparsegpt,1:4,0.75,3089.906009546529,v_proj,24,0.75,224.0,0.0,32.0,17.841052691141766,3.1917295117504816,6,1.0660933440358804,2,1.0,0.0
sparsegpt-nm2-4,sparsegpt,2:4,0.5,28.21391801113334,down_proj,24,0.5,2432.0,0.0,448.0,98.13305966059367,1.5996780072107128,4,1.5996789393500566,4,1.0,1.0
sparsegpt-nm2-4,sparsegpt,2:4,0.5,28.21391801113334,gate_proj,24,0.5,448.0,0.0,2432.0,368.6683298746745,1.5981069774884729,4,1.5980516272446117,4,1.0,1.0
sparsegpt-nm2-4,sparsegpt,2:4,0.5,28.21391801113334,k_proj,24,0.5,448.0,0.0,64.0,18.776716430981953,1.5936663259105992,4,1.593353842464722,4,1.0,1.0
sparsegpt-nm2-4,sparsegpt,2:4,0.5,28.21391801113334,o_proj,24,0.5,448.0,0.0,448.0,55.747832457224526,1.599002335230034,4,1.5988282577214454,4,1.0,1.0
sparsegpt-nm2-4,sparsegpt,2:4,0.5,28.21391801113334,q_proj,24,0.5,448.0,0.0,448.0,108.67234802246094,1.5963342751524143,4,1.5961237817119558,4,1.0,1.0
sparsegpt-nm2-4,sparsegpt,2:4,0.5,28.21391801113334,up_proj,24,0.5,448.0,0.0,2432.0,328.27786382039386,1.5977221760510802,4,1.5976577024978158,4,1.0,1.0
sparsegpt-nm2-4,sparsegpt,2:4,0.5,28.21391801113334,v_proj,24,0.5,448.0,0.0,64.0,19.146923581759136,1.5972707809184084,4,1.5970057327014793,4,1.0,1.0
sparsegpt-nm4-8,sparsegpt,4:8,0.5,21.550875327502652,down_proj,24,0.5,2432.0,0.0,448.0,99.31293121973674,1.7778707224574224,8,1.777850559468235,8,1.0,0.5139968569080035
sparsegpt-nm4-8,sparsegpt,4:8,0.5,21.550875327502652,gate_proj,24,0.5,448.0,0.0,2432.0,366.9032465616862,1.775374946980033,8,1.7755064112497723,8,1.0,0.5149333501855532
sparsegpt-nm4-8,sparsegpt,4:8,0.5,21.550875327502652,k_proj,24,0.5,448.0,0.0,64.0,18.6535857518514,1.7733843242807572,7.958333333333333,1.7733208741759567,8,1.0,0.5165521577000618
sparsegpt-nm4-8,sparsegpt,4:8,0.5,21.550875327502652,o_proj,24,0.5,448.0,0.0,448.0,55.695857206980385,1.7767886196066622,8,1.7765214990922669,8,1.0,0.5142519200841585
sparsegpt-nm4-8,sparsegpt,4:8,0.5,21.550875327502652,q_proj,24,0.5,448.0,0.0,448.0,108.26762421925862,1.7755420678149167,8,1.7756015987772868,8,1.0,0.5156549016634623
sparsegpt-nm4-8,sparsegpt,4:8,0.5,21.550875327502652,up_proj,24,0.5,448.0,0.0,2432.0,333.82408777872723,1.7750167084597803,8,1.7751214824976396,8,1.0,0.5146943305929502
sparsegpt-nm4-8,sparsegpt,4:8,0.5,21.550875327502652,v_proj,24,0.5,448.0,0.0,64.0,19.16706109046936,1.7754910520501495,7.916666666666667,1.7753616435270803,7.916666666666667,1.0,0.5148257339994112
sparsegpt-u30,sparsegpt,unstructured,0.3000038314651657,13.747339680872255,down_proj,24,0.30000540367642736,3404.7737630208335,353.59089279174805,627.1951624552408,71.50897518793742,1.469722114814647,23.666666666666668,3.427807197210334,53.875,1.0,0.2521720224370559
sparsegpt-u30,sparsegpt,unstructured,0.3000038314651657,13.747339680872255,gate_proj,24,0.3000012734778842,627.1988627115885,55.83376328150431,3404.7937825520835,279.7242348988851,1.4538169682036657,26.458333333333332,3.3852372092467244,57.916666666666664,1.0,0.2577389180660248
sparsegpt-u30,sparsegpt,unstructured,0.3000038314651657,13.747339680872255,k_proj,24,0.30004955473400297,627.1555989583334,95.59814802805583,89.59365717569987,13.3051598072052,1.5113908767074238,16.625,3.5191272825248254,49.333333333333336,1.0,0.24270484720667204
sparsegpt-u30,sparsegpt,unstructured,0.3000038314651657,13.747339680872255,o_proj,24,0.30000606199511054,627.1945724487305,94.17989269892375,627.1945724487305,74.98770459493001,1.5759236299834378,44.083333333333336,3.6675707655281546,78.45833333333333,1.0,0.22775912346939245
sparsegpt-u30,sparsegpt,unstructured,0.3000038314651657,13.747339680872255,q_proj,24,0.30000585439253824,627.1947530110677,120.85511620839436,627.1947530110677,75.08371178309123,1.5677871218042556,62.458333333333336,3.650796347162488,66.625,1.0,0.22926652493576208
sparsegpt-u30,sparsegpt,unstructured,0.3000038314651657,13.747339680872255,up_proj,24,0.30000160810045134,627.1985575358073,36.105473041534424,3404.792165120443,277.30820337931317,1.4373245190122197,18.916666666666668,3.3468131737283047,49.041666666666664,1.0,0.26190858831008273
sparsegpt-u30,sparsegpt,unstructured,0.3000038314651657,13.747339680872255,v_proj,24,0.30005028134300593,627.1549479166666,31.284603873888653,89.59356435139973,15.116314252217611,1.4367611962433258,9.625,3.3450052465954494,30.666666666666668,1.0,0.2637590666611989
sparsegpt-u50,sparsegpt,unstructured,0.500006338266226,17.669637508737015,down_proj,24,0.5000089487635103,2431.9564514160156,427.7349427541097,447.9919840494792,98.50899696350098,2.069825955407921,64.20833333333333,2.0696872514929336,29.041666666666668,1.0,0.3528779310484727
sparsegpt-u50,sparsegpt,unstructured,0.500006338266226,17.669637508737015,gate_proj,24,0.5000029542392358,447.9973513285319,73.1912825902303,2431.985626220703,368.69551849365234,2.0513690117276946,73.625,2.0515091189010257,29.625,1.0,0.35721004630128544
sparsegpt-u50,sparsegpt,unstructured,0.500006338266226,17.669637508737015,k_proj,24,0.500061761765253,447.9446614583333,124.944961865743,63.99209435780843,17.882481416066486,2.1673855406346294,52.333333333333336,2.1676546653899162,24.875,1.0,0.323736281444629
sparsegpt-u50,sparsegpt,unstructured,0.500006338266226,17.669637508737015,o_proj,24,0.500010380128614,447.99069595336914,111.26622740427653,447.99069595336914,105.53610356648763,2.285743767035779,159.33333333333334,2.2848383682615108,49.958333333333336,1.0,0.30032514532407123
sparsegpt-u50,sparsegpt,unstructured,0.500006338266226,17.669637508737015,q_proj,24,0.5000096016189679,447.9913914998372,150.15932655334473,447.9913914998372,101.66262658437093,2.2564964157207683,324.7083333333333,2.2572778536536715,36.583333333333336,1.0,0.3057263419032097
sparsegpt-u50,sparsegpt,unstructured,0.500006338266226,17.669637508737015,up_proj,24,0.5000028395114984,447.99745686848956,45.720369815826416,2431.9861755371094,346.99716059366864,2.0165131597470034,52.25,2.016638076975454,28.583333333333332,1.0,0.36844732488195103
sparsegpt-u50,sparsegpt,unstructured,0.500006338266226,17.669637508737015,v_proj,24,0.5000621250697544,447.9443359375,40.83671482404073,63.99204778671265,19.475982308387756,2.012124603516271,19.041666666666668,2.0118154818007103,17.541666666666668,1.0,0.369794571151336
sparsegpt-u60,sparsegpt,unstructured,0.600003188695663,34.05566221009324,down_proj,24,0.6000019828777265,1945.5903778076172,411.78041394551593,358.3982226053874,104.00351762771606,2.583372506574157,113.66666666666667,1.7224788599365568,21.541666666666668,1.0,0.3307364322245121
sparsegpt-u60,sparsegpt,unstructured,0.600003188695663,34.05566221009324,gate_proj,24,0.6000029963060729,358.3973134358724,75.4627005259196,1945.5854187011719,386.8253936767578,2.5698593944043386,104.5,1.714961207456525,24.75,1.0,0.32920386269688606
sparsegpt-u60,sparsegpt,unstructured,0.600003188695663,34.05566221009324,k_proj,24,0.600037347702753,358.3665364583333,126.16356722513835,51.19521935780843,18.937654892603557,2.72235658395479,94,1.8171603548996953,18.708333333333332,1.0,0.30222574931879836
sparsegpt-u60,sparsegpt,unstructured,0.600003188695663,34.05566221009324,o_proj,24,0.6000031970796131,358.3971303304036,105.75630521774292,358.3971303304036,112.63565286000569,2.8784693734178375,237.41666666666666,1.920199451320398,41.208333333333336,1.0,0.28256370685994625
sparsegpt-u60,sparsegpt,unstructured,0.600003188695663,34.05566221009324,q_proj,24,0.6000031970796131,358.3971341451009,148.9520689646403,358.3971341451009,107.82467555999756,2.825843689825699,491.5416666666667,1.8865391422251505,27.916666666666668,0.9994552483161291,0.28867968296011287
sparsegpt-u60,sparsegpt,unstructured,0.600003188695663,34.05566221009324,up_proj,24,0.6000027668505983,358.3975207010905,45.96748208999634,1945.5865376790364,349.97175153096515,2.520349362553719,79.04166666666667,1.6818772493660765,22.041666666666668,1.0,0.3399948837856452
sparsegpt-u60,sparsegpt,unstructured,0.600003188695663,34.05566221009324,v_proj,24,0.6000380743117559,358.3658854166667,41.863027811050415,51.195126374562584,20.141313989957172,2.5134047872985468,25.583333333333332,1.6768217135303618,13.791666666666666,1.0,0.3416181293626626
sparsegpt-u70,sparsegpt,unstructured,0.7000033004816635,218.8068487157057,down_proj,24,0.7000037458606232,1459.1817474365234,362.3756815592448,268.7966473897298,102.79532146453857,3.4291735057343598,206.25,1.4701429088278284,16.75,1.0,0.2603938356041908
sparsegpt-u70,sparsegpt,unstructured,0.7000033004816635,218.8068487157057,gate_proj,24,0.7000026463864739,268.7976252237956,72.79866139094035,1459.1871287027996,386.61251703898114,3.429497092746731,164.04166666666666,1.473030065546507,19.791666666666668,1.0,0.2550177313387394
sparsegpt-u70,sparsegpt,unstructured,0.7000033004816635,218.8068487157057,k_proj,24,0.7000136602492559,268.7877604166667,116.93885771433513,38.39825121561686,19.036097248395283,3.617155047275197,155.58333333333334,1.5541182403186478,14.583333333333334,1.0,0.2434735968708992
sparsegpt-u70,sparsegpt,unstructured,0.7000033004816635,218.8068487157057,o_proj,24,0.7000046295373618,268.7958501180013,92.80274597803752,268.7958501180013,110.91194407145183,3.831843529093035,431.75,1.6452565860570556,33.5,0.9986049110690752,0.23150697102149329
sparsegpt-u70,sparsegpt,unstructured,0.7000033004816635,218.8068487157057,q_proj,24,0.7000048371399341,268.79566319783527,137.07342529296875,268.79566319783527,108.38304456075032,3.74600407079408,680.7916666666666,1.6097855210818464,20.041666666666668,0.9968510816494623,0.23551993009944758
sparsegpt-u70,sparsegpt,unstructured,0.7000033004816635,218.8068487157057,up_proj,24,0.7000024456129337,268.7978096008301,42.92651637395223,1459.1881154378254,331.3657105763753,3.3572941720325264,131.58333333333334,1.4419656364792421,18,1.0,0.2617885433137417
sparsegpt-u70,sparsegpt,unstructured,0.7000033004816635,218.8068487157057,v_proj,24,0.7000132969447544,268.7880859375,38.72832544644674,38.39829794565836,19.819822629292805,3.348903852738285,37.791666666666664,1.437874689990659,11.083333333333334,1.0,0.26325189632674056
sparsegpt-u80,sparsegpt,unstructured,0.8000042674305675,1803.067426501268,down_proj,24,0.8000055088435198,972.7731984456381,280.77905972798663,179.19506645202637,93.14147551854451,5.106614874136598,475.5416666666667,1.2775320505512513,13.125,1.0,0.15707531260947385
sparsegpt-u80,sparsegpt,unstructured,0.8000042674305675,1803.067426501268,gate_proj,24,0.8000019044804394,179.19829495747885,64.03945350646973,972.7907409667969,365.0978349049886,5.136176716785103,230.20833333333334,1.289536076007804,14.625,1.0,0.15315449299911657
sparsegpt-u80,sparsegpt,unstructured,0.8000042674305675,1803.067426501268,k_proj,24,0.8000502813430059,179.15494791666666,95.26771926879883,25.5935640335083,17.9844202597936,5.347522940752913,293.7916666666667,1.3426973787288414,9.958333333333334,0.9999069944024086,0.15579804902275404
sparsegpt-u80,sparsegpt,unstructured,0.8000042674305675,1803.067426501268,o_proj,24,0.8000065291008982,179.19415219624838,73.50209601720174,179.19415219624838,97.30577150980632,5.672462372277822,624.9166666666666,1.423616088926358,26.916666666666668,0.9930776978532473,0.1544843396792809
sparsegpt-u80,sparsegpt,unstructured,0.8000042674305675,1803.067426501268,q_proj,24,0.8000061657963966,179.19447580973306,113.33659839630127,179.19447580973306,101.8135290145874,5.532681535735499,806.1666666666666,1.3900093497865214,15.875,0.9911378572384516,0.1540734941760699
sparsegpt-u80,sparsegpt,unstructured,0.8000042674305675,1803.067426501268,up_proj,24,0.8000022104210722,179.1980209350586,36.24495768547058,972.7892532348633,289.690949122111,5.023634110713199,193.04166666666666,1.26115954105751,14.75,1.0,0.1538867230216662
sparsegpt-u80,sparsegpt,unstructured,0.8000042674305675,1803.067426501268,v_proj,24,0.8000499180385044,179.1552734375,31.221248269081116,25.593610525131226,18.351861437161762,5.007175835052676,60.5,1.2559583469379785,7.375,1.0,0.15477789069215456
sparsegpt-u90,sparsegpt,unstructured,0.900004152849917,10780.291430512467,down_proj,24,0.900007128416745,486.3653208414714,166.77828788757324,89.59361267089844,70.78001260757446,10.114131451917846,1024.5416666666667,1.1256725843599271,8.708333333333334,1.0,0.05209732986986637
sparsegpt-u90,sparsegpt,unstructured,0.900004152849917,10780.291430512467,gate_proj,24,0.9000014015905242,89.59874534606934,46.33072749773661,486.39318084716797,311.4458198547363,10.191120142760377,401.8333333333333,1.1436837737412096,10.375,1.0,0.05349486724783977
sparsegpt-u90,sparsegpt,unstructured,0.900004152849917,10780.291430512467,k_proj,24,0.9000255039760044,89.5771484375,58.83115402857462,12.796735525131226,14.940671841303507,10.353696078425187,547.5833333333334,1.1617260995882144,6.75,0.993954618771871,0.05710565454016129
sparsegpt-u90,sparsegpt,unstructured,0.900004152849917,10780.291430512467,o_proj,24,0.9000075982541454,89.59319273630778,47.62447905540466,89.59319273630778,67.75616423288982,10.997228966969432,824.75,1.2336400413302946,20.375,0.967966099580129,0.06391584919765592
sparsegpt-u90,sparsegpt,unstructured,0.900004152849917,10780.291430512467,q_proj,24,0.9000082729625053,89.59258778889973,73.38322798411052,89.59258778889973,84.20411332448323,10.681135807324877,876.7083333333334,1.199711753232879,9.791666666666666,0.9657605290412903,0.061289884615689516
sparsegpt-u90,sparsegpt,unstructured,0.900004152849917,10780.291430512467,up_proj,24,0.9000014015905242,89.59874471028645,24.83852942784627,486.39318466186523,217.96381123860678,9.975823297338625,307.25,1.1192463058606705,11.333333333333334,1.0,0.050055558793246746
sparsegpt-u90,sparsegpt,unstructured,0.900004152849917,10780.291430512467,v_proj,24,0.9000258672805059,89.57682291666667,18.737022280693054,12.7966890335083,14.611029068628946,9.936945537154148,120.58333333333333,1.1132424611588156,4.791666666666667,0.9974888389309248,0.050685337434212364
wanda-block16x16-50,wanda,block16,0.5000015035217061,721120061.1602852,down_proj,24,0.5000016826734806,2431.9918111165366,716.5720024108887,447.99849700927734,298.62732124328613,35.45598807475868,472.6666666666667,35.48834562734692,656,0.5,0.0
wanda-block16x16-50,wanda,block16,0.5000015035217061,721120061.1602852,gate_proj,24,0.5000016826734806,447.9984944661458,160.44698492685953,2431.9918314615884,1556.449946085612,33.97968307692872,258.6666666666667,35.356343838885984,626.6666666666666,0.5,0.0
wanda-block16x16-50,wanda,block16,0.5000015035217061,721120061.1602852,k_proj,24,0.500000726609003,447.9993489583333,267.8986288706462,63.99990685780843,35.51158459981283,47.61189719321986,328,51.40916937105958,424,0.5,0.0
wanda-block16x16-50,wanda,block16,0.5000015035217061,721120061.1602852,o_proj,24,0.5000011418141476,447.9989700317383,91.94220399856567,447.9989700317383,371.7042236328125,69.73579365144711,358,69.77635717161962,326,0.5,0.0
wanda-block16x16-50,wanda,block16,0.5000015035217061,721120061.1602852,q_proj,24,0.5000013494167198,447.99878819783527,310.6908098856608,447.99878819783527,190.05648771921793,58.79057855313932,792.6666666666666,63.371313256281475,896,0.5,0.0
wanda-block16x16-50,wanda,block16,0.5000015035217061,721120061.1602852,up_proj,24,0.5000012715657551,447.9988619486491,108.47742144266765,2431.9938354492188,1501.3932495117188,32.15255204822993,229.33333333333334,33.48645053791222,380,0.5,0.0
wanda-block16x16-50,wanda,block16,0.5000015035217061,721120061.1602852,v_proj,24,0.5000010899135044,447.9990234375,123.39063723882039,63.99986044565836,45.22152598698934,34.250244157244396,133.33333333333334,35.89297839935188,145.33333333333334,0.5,0.0
wanda-block16x16-70,wanda,block16,0.6999322185586224,11358594.653553104,down_proj,24,0.6999540400684328,1459.4235382080078,598.0059585571289,268.84117762247723,276.58828290303546,57.72843701589592,1042,24.918719927317422,268,0.30004698038101196,0.0
wanda-block16x16-70,wanda,block16,0.6999322185586224,11358594.653553104,gate_proj,24,0.6999540018258537,268.8412119547526,124.33592287699382,1459.4237263997395,1568.3415273030598,51.18268282470279,330.6666666666667,23.594178807241843,289.3333333333333,0.30004698038101196,0.0
wanda-block16x16-70,wanda,block16,0.6999322185586224,11358594.653553104,k_proj,24,0.6986614408947173,269.9993489583333,208.7057835261027,38.57133706410726,35.34883745511373,67.06101983160147,511.3333333333333,32.156977006432065,138.66666666666666,0.3013392984867096,0.0
wanda-block16x16-70,wanda,block16,0.6999322185586224,11358594.653553104,o_proj,24,0.6999368991981559,268.85653559366864,79.18623963991801,268.85653559366864,340.4388898213704,113.63592239453372,507.3333333333333,51.685678988585416,198.66666666666666,0.3000637888908386,0.0
wanda-block16x16-70,wanda,block16,0.6999322185586224,11358594.653553104,q_proj,24,0.6999368991981559,268.8565368652344,258.6326020558675,268.8565368652344,195.42979876200357,81.86643835118916,876,39.56092133642467,815.3333333333334,0.3000637888908386,0.0
wanda-block16x16-70,wanda,block16,0.6999322185586224,11358594.653553104,up_proj,24,0.6999537819310238,268.84141031901044,86.33134667078654,1459.4248148600261,1456.5736440022786,50.506768055011705,334,23.285038040837378,233.33333333333334,0.30004698038101196,0.0
wanda-block16x16-70,wanda,block16,0.6999322185586224,11358594.653553104,v_proj,24,0.6986610775902158,269.9996744791667,100.80139768123627,38.57138363520304,41.9067390759786,52.94834242644666,273.3333333333333,24.561652711971448,78.66666666666667,0.3013392984867096,0.0
wanda-block16x16-90,wanda,block16,0.8999487992171403,223676864.31086478,down_proj,24,0.8999650998223097,486.5697542826335,300.79985014597577,89.63126786549886,177.77138074239096,162.9606750813923,2464.6666666666665,18.66534836388969,104.66666666666667,0.10003524273633957,0.0
wanda-block16x16-90,wanda,block16,0.8999487992171403,223676864.31086478,gate_proj,24,0.8999650807010201,89.631285349528,36.85543624560038,486.5698471069336,1218.5310745239258,126.541230064755,532.6666666666666,16.679273396843723,60.666666666666664,0.10003524273633957,0.0
wanda-block16x16-90,wanda,block16,0.8999487992171403,223676864.31086478,k_proj,24,0.8995535714285714,90.0,88.38881572087605,12.857142448425293,23.681895971298218,145.32833847845836,837.3333333333334,19.808135386535294,44.666666666666664,0.1004464253783226,0.0
wanda-block16x16-90,wanda,block16,0.8999487992171403,223676864.31086478,o_proj,24,0.899872552780878,89.7141939798991,41.266749103864036,89.7141939798991,216.71375528971353,252.33817893567132,784,38.240563598646645,95.33333333333333,0.10012754797935486,0.0
wanda-block16x16-90,wanda,block16,0.8999487992171403,223676864.31086478,q_proj,24,0.8998726565821641,89.71410115559895,127.4480250676473,89.71410115559895,126.10107135772705,167.18433355121311,896,23.425291244731454,172,0.10012754797935486,0.0
wanda-block16x16-90,wanda,block16,0.8999487992171403,223676864.31086478,up_proj,24,0.8999650807010201,89.63128503163655,40.18526768684387,486.56984583536786,1017.4802627563477,130.66434156255966,684.6666666666666,17.31408731646954,121.33333333333333,0.10003524273633957,0.0
wanda-block16x16-90,wanda,block16,0.8999487992171403,223676864.31086478,v_proj,24,0.8995539347330729,89.99967447916667,48.51940178871155,12.857095956802368,26.19585084915161,133.4583601705355,628.6666666666666,17.788660562422507,34,0.1004464253783226,0.0
wanda-block4x4-50,wanda,block4,0.5000011709583548,164477.83721577263,down_proj,24,0.500001233323176,2431.9940185546875,608.3706372578939,447.9988962809245,210.96920585632324,8.552969696469598,222.16666666666666,8.54790689297577,213.16666666666666,0.9989573433995247,0.0
wanda-block4x4-50,wanda,block4,0.5000011709583548,164477.83721577263,gate_proj,24,0.5000013289296239,447.99881108601886,133.47235902150473,2431.9935404459634,994.9547271728516,8.777020928961157,137.5,8.824675037495409,240,0.9988153899709383,0.0
wanda-block4x4-50,wanda,block4,0.5000011709583548,164477.83721577263,k_proj,24,0.5000010899135044,447.9990234375,235.3353182474772,63.99986028671265,31.832509597142536,11.555589427823284,201.83333333333334,11.70781813927315,205.33333333333334,0.9609374975164732,0.0
wanda-block4x4-50,wanda,block4,0.5000011709583548,164477.83721577263,o_proj,24,0.50000067470836,447.99939092000324,118.65300114949544,447.99939092000324,292.1974900563558,13.969919718552351,347.3333333333333,13.95189058300956,275.6666666666667,0.9241071417927742,0.0
wanda-block4x4-50,wanda,block4,0.5000011709583548,164477.83721577263,q_proj,24,0.5000012456154337,447.9988822937012,274.08345158894855,447.9988822937012,178.1860605875651,13.163072526272218,765.5,13.348251306339204,751.1666666666666,0.916626808544,0.0
wanda-block4x4-50,wanda,block4,0.5000011709583548,164477.83721577263,up_proj,24,0.5000010421102805,447.9990692138672,80.44406000773112,2431.9949239095054,905.1636225382487,8.20501705746167,100.66666666666667,8.251049760764982,157.5,0.9994909018278122,0.0
wanda-block4x4-50,wanda,block4,0.5000011709583548,164477.83721577263,v_proj,24,0.500000726609003,447.9993489583333,79.62773036956787,63.99990685780843,38.53614195187887,8.350947773990349,51.333333333333336,8.391833126827112,58.166666666666664,0.9876302083333334,0.0
wanda-block4x4-70,wanda,block4,0.699996322240585,33397493.046964183,down_proj,24,0.6999978278215069,1459.2105662027996,482.10240681966144,268.80194600423175,208.80659421284994,13.950195851031516,468.1666666666667,5.983969905593355,96.83333333333333,0.9740097324053446,0.0
wanda-block4x4-70,wanda,block4,0.699996322240585,33397493.046964183,gate_proj,24,0.6999977035331248,268.8020553588867,116.24444357554118,1459.211166381836,1045.6332168579102,14.399271502583346,230.16666666666666,6.265607109937647,119,0.972423734764258,0.0
wanda-block4x4-70,wanda,block4,0.699996322240585,33397493.046964183,k_proj,24,0.6999170212518602,268.8743489583333,175.7669734954834,38.41062037150065,33.19562284151713,16.922869066123415,321.3333333333333,7.414167041364146,73.83333333333333,0.846447172264258,0.0
wanda-block4x4-70,wanda,block4,0.699996322240585,33397493.046964183,o_proj,24,0.6999964292357569,268.8031921386719,99.57559426625569,268.8031921386719,268.8582585652669,22.987015611550024,590.3333333333334,9.98104933396079,156.33333333333334,0.7788451388478279,0.0
wanda-block4x4-70,wanda,block4,0.699996322240585,33397493.046964183,q_proj,24,0.6999966368383291,268.8030039469401,222.96638679504395,268.8030039469401,189.90261205037436,19.33986064282566,896,8.495877264100153,309.5,0.8000106314818064,0.0
wanda-block4x4-70,wanda,block4,0.699996322240585,33397493.046964183,up_proj,24,0.6999975410021636,268.8022054036458,68.04439242680867,1459.2119445800781,906.2275899251302,13.517708358435717,174.5,5.877344553653728,97.16666666666667,0.9834033300479254,0.0
wanda-block4x4-70,wanda,block4,0.699996322240585,33397493.046964183,v_proj,24,0.6999166579473587,268.8746744791667,58.50888176759084,38.41066678365072,36.17079162597656,13.629979096884323,99.83333333333333,5.913601316578894,30.5,0.9116443420449892,0.0
wanda-block4x4-90,wanda,block4,0.8999970013405377,8754422.698619125,down_proj,24,0.899998036243563,486.4095509847005,226.95553334554037,89.6017599105835,141.23038482666016,40.660428650977885,1399.3333333333333,4.545769882831334,37.666666666666664,0.680847629904747,0.0
wanda-block4x4-90,wanda,block4,0.8999970013405377,8754422.698619125,gate_proj,24,0.8999980171222735,89.60177707672119,55.012468338012695,486.40964380900067,869.1752548217773,39.87091819701425,423.6666666666667,4.6475616607078765,42.166666666666664,0.6414302413662275,0.0
wanda-block4x4-90,wanda,block4,0.8999970013405377,8754422.698619125,k_proj,24,0.8999720982142857,89.625,66.66922744115193,12.803571701049805,24.401622613271076,42.14191484321544,591,4.931749520712989,18.5,0.4968377947807312,0.0
wanda-block4x4-90,wanda,block4,0.8999970013405377,8754422.698619125,o_proj,24,0.8999921837631537,89.60700035095215,53.79193878173828,89.60700035095215,161.10873222351074,61.32199089841588,846.3333333333334,7.2671983192304666,78.16666666666667,0.4286644347012043,0.0
wanda-block4x4-90,wanda,block4,0.8999970013405377,8754422.698619125,q_proj,24,0.8999921837631537,89.60700035095215,97.34079710642497,89.60700035095215,141.41552543640137,45.10633683201952,896,5.300661898422627,53,0.4820631357530753,0.0
wanda-block4x4-90,wanda,block4,0.8999970013405377,8754422.698619125,up_proj,24,0.8999980266829182,89.60176849365234,33.88892650604248,486.4095967610677,687.2838071187338,38.58204368355442,412.1666666666667,4.487427841972455,66.83333333333333,0.708661305407683,0.0
wanda-block4x4-90,wanda,block4,0.8999970013405377,8754422.698619125,v_proj,24,0.8999724615187872,89.62467447916667,32.41370824972788,12.80352516969045,21.83286968866984,38.918537762762746,326.6666666666667,4.507856177115038,15,0.5941220298409462,0.0
wanda-nm1-4,wanda,1:4,0.75,26512.700783945376,down_proj,24,0.75,1216.0,0.0,224.0,105.41613547007243,3.1983833012988225,6,1.0665926601612625,2,1.0,0.0
wanda-nm1-4,wanda,1:4,0.75,26512.700783945376,gate_proj,24,0.75,224.0,0.0,1216.0,535.2120208740234,3.1837733073486305,6,1.0638861233964014,2,1.0,0.0
wanda-nm1-4,wanda,1:4,0.75,26512.700783945376,k_proj,24,0.75,224.0,0.0,32.0,23.044183174769085,3.1808506945992536,6,1.062738297593975,2,1.0,0.0
wanda-nm1-4,wanda,1:4,0.75,26512.700783945376,o_proj,24,0.75,224.0,0.0,224.0,96.93867333730061,3.1914371433453637,6,1.0660438147947318,2,1.0,0.0
wanda-nm1-4,wanda,1:4,0.75,26512.700783945376,q_proj,24,0.75,224.0,0.0,224.0,139.8106190363566,3.1806835240387,6,1.0626658898449597,2,1.0,0.0
wanda-nm1-4,wanda,1:4,0.75,26512.700783945376,up_proj,24,0.75,224.0,0.0,1216.0,426.41103490193683,3.187041445844594,6,1.0649925124744228,2,1.0,0.0
wanda-nm1-4,wanda,1:4,0.75,26512.700783945376,v_proj,24,0.75,224.0,0.0,32.0,20.925201853116352,3.1893344235667636,6,1.065522690853915,2,1.0,0.0
wanda-nm2-4,wanda,2:4,0.5,71.6470601215386,down_proj,24,0.5,2432.0,0.0,448.0,101.6987886428833,1.599660152905773,4,1.599667866618649,4,1.0,1.0
wanda-nm2-4,wanda,2:4,0.5,71.6470601215386,gate_proj,24,0.5,448.0,0.0,2432.0,493.8797378540039,1.5980512609152215,4,1.5982180324820892,4,1.0,1.0
wanda-nm2-4,wanda,2:4,0.5,71.6470601215386,k_proj,24,0.5,448.0,0.0,64.0,22.20908459027608,1.5928786343127297,4,1.592887032087325,4,1.0,1.0
wanda-nm2-4,wanda,2:4,0.5,71.6470601215386,o_proj,24,0.5,448.0,0.0,448.0,90.76846996943156,1.599148413569384,4,1.5988537829832699,4,1.0,1.0
wanda-nm2-4,wanda,2:4,0.5,71.6470601215386,q_proj,24,0.5,448.0,0.0,448.0,133.68681367238364,1.5952648648427208,4,1.5952185389722127,4,1.0,1.0
wanda-nm2-4,wanda,2:4,0.5,71.6470601215386,up_proj,24,0.5,448.0,0.0,2432.0,425.19005966186523,1.5975664650445764,4,1.5977155205403877,4,1.0,1.0
wanda-nm2-4,wanda,2:4,0.5,71.6470601215386,v_proj,24,0.5,448.0,0.0,64.0,21.854928453763325,1.5966745423935793,4,1.5965611339529209,4,1.0,1.0
wanda-nm4-8,wanda,4:8,0.5,39.435354206060296,down_proj,24,0.5,2432.0,0.0,448.0,101.2010596593221,1.7777176707741695,8,1.7776840041177029,8,1.0,0.5139873797694842
wanda-nm4-8,wanda,4:8,0.5,39.435354206060296,gate_proj,24,0.5,448.0,0.0,2432.0,483.65052541097003,1.7750811066326773,8,1.775503762025982,8,1.0,0.5158274521430334
wanda-nm4-8,wanda,4:8,0.5,39.435354206060296,k_proj,24,0.5,448.0,0.0,64.0,21.906535545984905,1.77268008088392,7.833333333333333,1.7729506256162935,7.875,1.0,0.5181419750054678
wanda-nm4-8,wanda,4:8,0.5,39.435354206060296,o_proj,24,0.5,448.0,0.0,448.0,89.7813328107198,1.775953133000122,8,1.7756407096798603,8,1.0,0.514365682999293
wanda-nm4-8,wanda,4:8,0.5,39.435354206060296,q_proj,24,0.5,448.0,0.0,448.0,132.59126663208008,1.7765044703603876,8,1.7768811935810036,8,1.0,0.5153086135784785
wanda-nm4-8,wanda,4:8,0.5,39.435354206060296,up_proj,24,0.5,448.0,0.0,2432.0,423.30956141153973,1.7752209870942468,8,1.7756375358025616,8,1.0,0.5149844338496526
wanda-nm4-8,wanda,4:8,0.5,39.435354206060296,v_proj,24,0.5,448.0,0.0,64.0,21.69754151503245,1.7755885737634018,7.791666666666667,1.7757192368479802,7.958333333333333,1.0,0.5145554343859354
wanda-u30,wanda,unstructured,0.2993561126373626,14.079897873671388,down_proj,24,0.29995888157894735,3405.0,0.0,627.23681640625,69.5665996869405,1.428217227828518,12.083333333333334,3.331772329728235,40.333333333333336,1.0,0.26468251397212345
wanda-u30,wanda,unstructured,0.2993561126373626,14.079897873671388,gate_proj,24,0.2991071428571429,628.0,0.0,3409.142822265625,349.0061740875244,1.4244040075187312,12.208333333333334,3.332017058827784,40.333333333333336,1.0,0.26403215651710826
wanda-u30,wanda,unstructured,0.2993561126373626,14.079897873671388,k_proj,24,0.2991071428571429,628.0,0.0,89.71428680419922,16.50063447157542,1.4240896002835677,9.291666666666666,3.332639239894077,29.583333333333332,1.0,0.2635033018887043
wanda-u30,wanda,unstructured,0.2993561126373626,14.079897873671388,o_proj,24,0.2991071428571429,628.0,0.0,628.0,109.87828381856282,1.5619137098930975,19.625,3.652073887775922,69.75,0.9979007244110107,0.23945233474175134
wanda-u30,wanda,unstructured,0.2993561126373626,14.079897873671388,q_proj,24,0.2991071428571429,628.0,0.0,628.0,98.60455131530762,1.4251592092869543,10.791666666666666,3.3351616146937753,36,1.0,0.26416244233647984
wanda-u30,wanda,unstructured,0.2993561126373626,14.079897873671388,up_proj,24,0.2991071428571429,628.0,0.0,3409.142822265625,321.30802726745605,1.4244876968904363,11.75,3.3322037545484777,39.291666666666664,1.0,0.2640244687596957
wanda-u30,wanda,unstructured,0.2993561126373626,14.079897873671388,v_proj,24,0.2991071428571429,628.0,0.0,89.71428680419922,17.319639960924786,1.426702979635656,8.958333333333334,3.338026895155049,30.458333333333332,1.0,0.2641921304166317
wanda-u50,wanda,unstructured,0.5,23.22864353047331,down_proj,24,0.5,2432.0,0.0,448.0,102.03239218393962,1.9991652811915839,21.541666666666668,1.9991083049868743,20.916666666666668,1.0,0.3750874226291974
wanda-u50,wanda,unstructured,0.5,23.22864353047331,gate_proj,24,0.5,448.0,0.0,2432.0,487.2088572184245,1.99556492513786,21.041666666666668,1.9964560638282394,21.833333333333332,1.0,0.3759900989631812
wanda-u50,wanda,unstructured,0.5,23.22864353047331,k_proj,24,0.5,448.0,0.0,64.0,22.080430189768474,1.9928393466876235,15.958333333333334,1.9945192488777597,15.958333333333334,1.0,0.3762860993544261
wanda-u50,wanda,unstructured,0.5,23.22864353047331,o_proj,24,0.5,448.0,0.0,448.0,144.9729143778483,2.1847806479155474,42.041666666666664,2.1843978581494077,44.041666666666664,0.9963063349326452,0.3212761916220188
wanda-u50,wanda,unstructured,0.5,23.22864353047331,q_proj,24,0.5,448.0,0.0,448.0,134.43442662556967,1.996572358517451,18.333333333333332,1.998330074308498,18.875,1.0,0.3755277283489704
wanda-u50,wanda,unstructured,0.5,23.22864353047331,up_proj,24,0.5,448.0,0.0,2432.0,433.2880744934082,1.995675134441623,20.875,1.9965895597991554,20.416666666666668,1.0,0.3757148285706838
wanda-u50,wanda,unstructured,0.5,23.22864353047331,v_proj,24,0.5,448.0,0.0,64.0,21.942194779713947,1.9933884033561715,15.75,1.9943280656079996,16.458333333333332,1.0,0.3763209742804368
wanda-u60,wanda,unstructured,0.5995020604395604,77.3841008413636,down_proj,24,0.5999177631578947,1946.0,0.0,358.47369384765625,111.72946898142497,2.4981915679217352,28.25,1.6662606791972225,16.375,1.0,0.3457431284089883
wanda-u60,wanda,unstructured,0.5995020604395604,77.3841008413636,gate_proj,24,0.5993303571428572,359.0,0.0,1948.857177734375,526.6201871236166,2.4888582277502382,28.333333333333332,1.666184935136976,16.291666666666668,1.0,0.34697580089171726
wanda-u60,wanda,unstructured,0.5995020604395604,77.3841008413636,k_proj,24,0.5993303571428572,359.0,0.0,51.28571319580078,23.43771568934123,2.484416466021917,21.666666666666668,1.6637863349450335,12.541666666666666,1.0,0.3481227345764637
wanda-u60,wanda,unstructured,0.5995020604395604,77.3841008413636,o_proj,24,0.5993303571428572,359.0,0.0,359.0,152.1482973098755,2.748435896927495,59.416666666666664,1.838796427876054,38.166666666666664,0.9960804656147957,0.2950196551779906
wanda-u60,wanda,unstructured,0.5995020604395604,77.3841008413636,q_proj,24,0.5993303571428572,359.0,0.0,359.0,142.39793141682944,2.490736452282437,24.5,1.6681017808963703,14.5,1.0,0.34652211889624596
wanda-u60,wanda,unstructured,0.5995020604395604,77.3841008413636,up_proj,24,0.5993303571428572,359.0,0.0,1948.857177734375,456.3526102701823,2.488803137608376,28.125,1.6661773703964973,16.291666666666668,1.0,0.3467441288133462
wanda-u60,wanda,unstructured,0.5995020604395604,77.3841008413636,v_proj,24,0.5993303571428572,359.0,0.0,51.28571319580078,22.67591094970703,2.4862660257598095,21.083333333333332,1.664273736370154,12.708333333333334,1.0,0.3478480726480484
wanda-u70,wanda,unstructured,0.699793956043956,479.0990164716423,down_proj,24,0.6998355263157895,1460.0,0.0,268.9473571777344,115.30316702524821,3.3288578413929586,40.25,1.4282611255651303,12.708333333333334,1.0,0.2649826407432556
wanda-u70,wanda,unstructured,0.699793956043956,479.0990164716423,gate_proj,24,0.6997767857142857,269.0,0.0,1460.2857666015625,544.351001739502,3.3185287391430394,38.5,1.427453906627252,12.708333333333334,1.0,0.26545921837290126
wanda-u70,wanda,unstructured,0.699793956043956,479.0990164716423,k_proj,24,0.6997767857142857,269.0,0.0,38.42856979370117,23.92313512166341,3.309069808642888,30.125,1.4238170167700215,9,1.0,0.2665318051973979
wanda-u70,wanda,unstructured,0.699793956043956,479.0990164716423,o_proj,24,0.6997767857142857,269.0,0.0,269.0,149.96770032246908,3.693619764121312,95.58333333333333,1.587780330838269,30.333333333333332,0.9947916666666666,0.23266726111372313
wanda-u70,wanda,unstructured,0.699793956043956,479.0990164716423,q_proj,24,0.6997767857142857,269.0,0.0,269.0,144.63391653696695,3.3192636522978627,35.25,1.4283247415127243,10.875,1.0,0.26537587369481724
wanda-u70,wanda,unstructured,0.699793956043956,479.0990164716423,up_proj,24,0.6997767857142857,269.0,0.0,1460.2857666015625,455.21767552693683,3.3182158598014047,39.25,1.4273352993638022,12.458333333333334,1.0,0.2652471289038658
wanda-u70,wanda,unstructured,0.699793956043956,479.0990164716423,v_proj,24,0.6997767857142857,269.0,0.0,38.42856979370117,22.599796493848164,3.310820753329954,29.25,1.423726536433247,9.583333333333334,1.0,0.2672816688815753
wanda-u80,wanda,unstructured,0.7993561126373626,3743.371861268363,down_proj,24,0.7999588815789473,973.0,0.0,179.23684692382812,110.2668301264445,4.992771409283156,63.666666666666664,1.2493928347219865,9.708333333333334,1.0,0.15370113216340542
wanda-u80,wanda,unstructured,0.7993561126373626,3743.371861268363,gate_proj,24,0.7991071428571428,180.0,0.0,977.1428833007812,536.055731455485,4.949341903174524,56.666666666666664,1.2500739869578315,9.375,1.0,0.15448594527939954
wanda-u80,wanda,unstructured,0.7993561126373626,3743.371861268363,k_proj,24,0.7991071428571428,180.0,0.0,25.714284896850586,23.287802934646606,4.926859903617391,46.291666666666664,1.2447176768355692,7.25,1.0,0.1546311148752769
wanda-u80,wanda,unstructured,0.7993561126373626,3743.371861268363,o_proj,24,0.7991071428571428,180.0,0.0,180.0,135.38760471343994,5.5296041000262415,168.625,1.395769524333793,23.291666666666668,0.9922539293766022,0.1496901735663414
wanda-u80,wanda,unstructured,0.7993561126373626,3743.371861268363,q_proj,24,0.7991071428571428,180.0,0.0,180.0,140.34742577870688,4.945857831967248,53.125,1.2496720815553386,7.958333333333333,1.0,0.15428836271166801
wanda-u80,wanda,unstructured,0.7993561126373626,3743.371861268363,up_proj,24,0.7991071428571428,180.0,0.0,977.1428833007812,427.4384002685547,4.949506205331788,59.208333333333336,1.2501117668659545,8.875,1.0,0.15457352188726267
wanda-u80,wanda,unstructured,0.7993561126373626,3743.371861268363,v_proj,24,0.7991071428571428,180.0,0.0,25.714284896850586,21.30652101834615,4.9377337426081,44.875,1.2464691537778574,6.833333333333333,1.0,0.15565854062636694
wanda-u90,wanda,unstructured,0.8996480082417583,173152.74939857077,down_proj,24,0.8998766447368421,487.0,0.0,89.71052551269531,90.55723762512207,9.966523360579844,125.41666666666667,1.1108068873845884,6.291666666666667,1.0,0.04861427238211036
wanda-u90,wanda,unstructured,0.8996480082417583,173152.74939857077,gate_proj,24,0.8995535714285714,90.0,0.0,488.5714416503906,485.0474319458008,9.844525633792781,116.33333333333333,1.1107544734843466,6.125,1.0,0.04823838655526439
wanda-u90,wanda,unstructured,0.8996480082417583,173152.74939857077,k_proj,24,0.8995535714285714,90.0,0.0,12.857142448425293,20.178605874379475,9.780693993625816,79.04166666666667,1.103809668100092,4.416666666666667,1.0,0.0461585633456707
wanda-u90,wanda,unstructured,0.8996480082417583,173152.74939857077,o_proj,24,0.8995535714285714,90.0,0.0,90.0,101.19719727834065,10.874954655335983,360.125,1.2264695607108884,16.25,0.9818638389309248,0.06155395492290457
wanda-u90,wanda,unstructured,0.8996480082417583,173152.74939857077,q_proj,24,0.8995535714285714,90.0,0.0,90.0,123.9581200281779,9.821642215926815,103.54166666666667,1.1086431974863251,5.5,0.9999335656563441,0.04720799454177419
wanda-u90,wanda,unstructured,0.8996480082417583,173152.74939857077,up_proj,24,0.8995535714285714,90.0,0.0,488.5714416503906,359.91403071085614,9.842012345061788,119.58333333333333,1.1104298153552516,6.375,1.0,0.04839716944843531
wanda-u90,wanda,unstructured,0.8996480082417583,173152.74939857077,v_proj,24,0.8995535714285714,90.0,0.0,12.857142448425293,17.33376220862071,9.810025213920397,84.125,1.1054413674971402,4.541666666666667,0.998325894276301,0.04852294937397043
