run,model_path,layer,shape,sparsity,format,m,threads,ms_per_call,ipc,retiring,bad_speculation,frontend_bound,backend_bound,memory_bound,core_bound,l1_bound,l2_bound,l3_bound,dram_bound,store_bound
magnitude-u90/12.mlp.down_proj/t1-m1-csr,/mnt/netapp2/Store_uni//home/ulc/cursos/curso395/sparse-inference/checkpoints/magnitude-u90,model.layers.12.mlp.down_proj,896x4864,0.8999998623267152,csr,1,1,0.9088408166948357,1.5872620364292436,0.32383935865972563,0.18039215685757068,0.059030089822235836,0.46427145070461695,0.18868520637204939,0.27558624433256756,0.11246620407638386,0.030311095245280573,0.045087139914523504,9.326771747466812e-05,0.00020384582823331553
magnitude-u90/12.mlp.down_proj/t1-m1-csr_i32,/mnt/netapp2/Store_uni//home/ulc/cursos/curso395/sparse-inference/checkpoints/magnitude-u90,model.layers.12.mlp.down_proj,896x4864,0.8999998623267152,csr_i32,1,1,0.7284600058825225,1.6699541774627287,0.3400322272060981,0.19607843135976896,0.06975423237756874,0.4143241899283368,0.15479528453665817,0.2595289053916786,0.1513633139034011,0.0015496843271747146,0.006717888531800253,0.00012719386789122192,9.932317141830026e-05
magnitude-u90/12.mlp.down_proj/t1-m1-csr_i32_rowmajor,/mnt/netapp2/Store_uni//home/ulc/cursos/curso395/sparse-inference/checkpoints/magnitude-u90,model.layers.12.mlp.down_proj,896x4864,0.8999998623267152,csr_i32_rowmajor,1,1,0.6906346426539219,1.7730460098530083,0.3470957174759405,0.18823529411337217,0.06773223961570797,0.4166594445878625,0.10269980521378864,0.3139596393740739,0.09013483681135594,0.0011461527070901999,0.006061824018188427,0.00011439020675407781,0.00017728593783363425
magnitude-u90/12.mlp.down_proj/t1-m1-csr_rowmajor,/mnt/netapp2/Store_uni//home/ulc/cursos/curso395/sparse-inference/checkpoints/magnitude-u90,model.layers.12.mlp.down_proj,896x4864,0.8999998623267152,csr_rowmajor,1,1,0.9003536619528181,1.6041954517376198,0.32473446115238064,0.17647058822228526,0.05235327091257869,0.464226378135126,0.18207819640116074,0.2821481817339653,0.10172525903016123,0.027612844705315,0.049927664306823015,9.095224649779037e-05,0.00015481326065909482
magnitude-u90/12.mlp.down_proj/t1-m1-dense,/mnt/netapp2/Store_uni//home/ulc/cursos/curso395/sparse-inference/checkpoints/magnitude-u90,model.layers.12.mlp.down_proj,896x4864,0.8999998623267152,dense,1,1,0.6432171178914012,0.3429735515647074,0.015865982591532234,0.1999999999984965,0.0009023134957638633,0.8107191828126089,0.6857138354470663,0.12500534736554259,0.14131301401806756,0.015378318923211547,0.459429489830376,0.1207340151368103,4.477957631215344e-05
magnitude-u90/12.mlp.down_proj/t1-m128-csr,/mnt/netapp2/Store_uni//home/ulc/cursos/curso395/sparse-inference/checkpoints/magnitude-u90,model.layers.12.mlp.down_proj,896x4864,0.8999998623267152,csr,128,1,6.474905806108441,1.3909688519412513,0.28640506131560467,0.270588235285577,0.03578302519071217,0.44159325175167985,0.19428014691862777,0.24731310483305208,0.009332019523956426,0.0013207973832724323,0.21884502914726908,0.0017088200480840788,0.028151643244421744
magnitude-u90/12.mlp.down_proj/t1-m128-csr_i32,/mnt/netapp2/Store_uni//home/ulc/cursos/curso395/sparse-inference/checkpoints/magnitude-u90,model.layers.12.mlp.down_proj,896x4864,0.8999998623267152,csr_i32,128,1,6.26291008199719,1.4039025558662976,0.28848652882854614,0.26274509803582796,0.042266931382479195,0.43850552322809977,0.19121718822073033,0.24728833500736944,0.01001342632168214,0.0012823542433693315,0.2155354971799022,2.0579904769092645e-05,0.028257170173979905
magnitude-u90/12.mlp.down_proj/t1-m128-csr_i32_rowmajor,/mnt/netapp2/Store_uni//home/ulc/cursos/curso395/sparse-inference/checkpoints/magnitude-u90,model.layers.12.mlp.down_proj,896x4864,0.8999998623267152,csr_i32_rowmajor,128,1,6.007744455885352,1.2248686562616466,0.27492265544636846,0.09411764704848267,0.0407660941253746,0.608969405850482,0.26669639813496143,0.34227300771552055,0.0017325661185685908,0.0011732328108645842,0.25738221888494234,2.0103664000767856e-05,0.00489718630918017
magnitude-u90/12.mlp.down_proj/t1-m128-csr_rowmajor,/mnt/netapp2/Store_uni//home/ulc/cursos/curso395/sparse-inference/checkpoints/magnitude-u90,model.layers.12.mlp.down_proj,896x4864,0.8999998623267152,csr_rowmajor,128,1,6.196203197282191,1.223043080034303,0.2654042654203826,0.10980392156093617,0.03823041908183975,0.610540726573117,0.26950044218099867,0.3410402843921183,0.0018433976243304741,0.0008087366184635124,0.25970988131628336,2.8358568069399807e-05,0.0048505732774915405
magnitude-u90/12.mlp.down_proj/t1-m128-dense,/mnt/netapp2/Store_uni//home/ulc/cursos/curso395/sparse-inference/checkpoints/magnitude-u90,model.layers.12.mlp.down_proj,896x4864,0.8999998623267152,dense,128,1,8.239208365177335,2.7566461272756566,0.5247044355851597,0.058823529407187915,2.77158568314469e-07,0.430586788533659,0.12658321628109848,0.3040035722525605,0.008295671956691385,0.004794557640712996,0.04646076605961082,0.019487334044968368,0.0014213493917862282
magnitude-u90/12.mlp.down_proj/t16-m1-csr,/mnt/netapp2/Store_uni//home/ulc/cursos/curso395/sparse-inference/checkpoints/magnitude-u90,model.layers.12.mlp.down_proj,896x4864,0.8999998623267152,csr,1,16,0.09905088446269514,0.9710101001670621,0.20885262054814543,0.117761279312764,0.02589753768268298,0.6857216337833232,0.13840533494309287,0.5473162988402303,0.09340392075118957,0.009851847855459932,0.02935441969783574,5.88709346948725e-06,0.002461602730608361
magnitude-u90/12.mlp.down_proj/t16-m1-csr_i32,/mnt/netapp2/Store_uni//home/ulc/cursos/curso395/sparse-inference/checkpoints/magnitude-u90,model.layers.12.mlp.down_proj,896x4864,0.8999998623267152,csr_i32,1,16,0.08231655322718541,0.9854857622902239,0.22609784865037713,0.1174495827174227,0.026732552471339283,0.669759448128489,0.11319302618665934,0.5565664219418296,0.09375900337255363,0.0014140477788722463,0.014945075400153296,6.40918359833514e-06,0.0014062698524176691
magnitude-u90/12.mlp.down_proj/t16-m1-csr_i32_rowmajor,/mnt/netapp2/Store_uni//home/ulc/cursos/curso395/sparse-inference/checkpoints/magnitude-u90,model.layers.12.mlp.down_proj,896x4864,0.8999998623267152,csr_i32_rowmajor,1,16,0.07989485863121837,1.0081835685147986,0.22347243100656466,0.13575057037371288,0.02160549983125102,0.6569666877728294,0.11128420070948987,0.5456824870633395,0.09234185700411646,0.0014454184813202941,0.01482996761341483,6.4546776972423845e-06,0.001575962000503242
magnitude-u90/12.mlp.down_proj/t16-m1-csr_rowmajor,/mnt/netapp2/Store_uni//home/ulc/cursos/curso395/sparse-inference/checkpoints/magnitude-u90,model.layers.12.mlp.down_proj,896x4864,0.8999998623267152,csr_rowmajor,1,16,0.09768570409748423,0.9786744592090325,0.1630092904151625,0.26856025997522914,0.015813729545498475,0.6700340086577455,0.13760051779674928,0.5324334908609962,0.09157646989859548,0.009724540088610106,0.030581579122059745,6.60999687802915e-06,0.0028887764182910134
magnitude-u90/12.mlp.down_proj/t16-m1-dense,/mnt/netapp2/Store_uni//home/ulc/cursos/curso395/sparse-inference/checkpoints/magnitude-u90,model.layers.12.mlp.down_proj,896x4864,0.8999998623267152,dense,1,16,0.039151371901561566,0.3818400988682714,0.08435629506285375,0.07349811247720926,0.009217512694621517,0.8521130354982401,0.5727135600007784,0.2793994754974617,0.2358256325875881,0.28159025070086047,0.06323242112520791,6.3958732549677205e-06,0.0023958501193960297
magnitude-u90/12.mlp.down_proj/t16-m128-csr,/mnt/netapp2/Store_uni//home/ulc/cursos/curso395/sparse-inference/checkpoints/magnitude-u90,model.layers.12.mlp.down_proj,896x4864,0.8999998623267152,csr,128,16,1.273062258141864,0.5464678803747391,0.06894317005420963,0.16957871730464988,0.0030987294961678552,0.7753837391911856,0.19634406411138308,0.5790396750798026,0.08572703956434222,0.004471895859799878,0.09937710105594989,0.0003031428862927574,0.023213752622395112
magnitude-u90/12.mlp.down_proj/t16-m128-csr_i32,/mnt/netapp2/Store_uni//home/ulc/cursos/curso395/sparse-inference/checkpoints/magnitude-u90,model.layers.12.mlp.down_proj,896x4864,0.8999998623267152,csr_i32,128,16,1.303523876353047,0.5220509581274173,0.06925936933331477,0.16101311921437897,0.003411038644444642,0.7839623228435945,0.22053536533238946,0.563426957511205,0.08710963909527632,0.0034599861435730826,0.1258414910223006,1.8604941850584927e-05,0.02037356402650497
magnitude-u90/12.mlp.down_proj/t16-m128-csr_i32_rowmajor,/mnt/netapp2/Store_uni//home/ulc/cursos/curso395/sparse-inference/checkpoints/magnitude-u90,model.layers.12.mlp.down_proj,896x4864,0.8999998623267152,csr_i32_rowmajor,128,16,0.4308594934589884,1.1156538421227817,0.26679497179098277,0.10024667326335188,0.03480805346180002,0.6325345624928277,0.26326679032295275,0.36926777216987494,0.016965490185366066,0.002417265183377261,0.24257545970240726,5.4831364514469164e-05,0.00557993771150577
magnitude-u90/12.mlp.down_proj/t16-m128-csr_rowmajor,/mnt/netapp2/Store_uni//home/ulc/cursos/curso395/sparse-inference/checkpoints/magnitude-u90,model.layers.12.mlp.down_proj,896x4864,0.8999998623267152,csr_rowmajor,128,16,0.43880450631921863,1.129397443422868,0.24746816021830798,0.10905716316419534,0.02981476262238754,0.6337839109116461,0.25657039880617094,0.37721351210547516,0.019411375179280668,0.0034187492065122643,0.229096017661218,0.00012185377237152413,0.005615806407810653
magnitude-u90/12.mlp.down_proj/t16-m128-dense,/mnt/netapp2/Store_uni//home/ulc/cursos/curso395/sparse-inference/checkpoints/magnitude-u90,model.layers.12.mlp.down_proj,896x4864,0.8999998623267152,dense,128,16,0.6075186460219294,2.6039505405231242,0.4576393471249158,0.13626599377320775,0.015924553577882857,0.42254003570469384,0.13801638161242308,0.28452365409227076,0.024486871885424647,0.0058111828492912665,0.05621655189561014,0.010415550282645071,0.00035437688806212015
random-0.5/896x4864/t1-m1-csr,,,896x4864,0.49999059232554044,csr,1,1,4.747660791713603,1.3840211646207674,0.14257664062624703,0.39999999999708963,0.0002305248659935535,0.46712379609653276,0.22361289247608898,0.24351090362044378,0.046568155454348795,0.010777790134833785,0.06192184714932192,0.10794922290990831,8.517073573444129e-05
random-0.5/896x4864/t1-m1-csr_i32,,,896x4864,0.49999059232554044,csr_i32,1,1,3.2257301766137823,1.7037554823495422,0.4094651275426878,0.06274509803380514,0.06872837680030948,0.4687283768032295,0.0817434167994888,0.3869849600037407,0.06985214625623927,0.0007253062092166429,0.0019623913476864816,8.722390118596918e-05,8.900054139091342e-05
random-0.5/896x4864/t1-m1-dense,,,896x4864,0.49999059232554044,dense,1,1,0.5747922362678557,0.38271755222985293,0.08978222609266043,0.06666666665418587,0.003757943834325504,0.8584096770802474,0.7078445726544921,0.15056510442575533,0.20537248156799745,0.3319902800491764,0.17336854741008326,0.00015945984160330314,8.567563944446424e-05
random-0.5/896x4864/t1-m128-csr,,,896x4864,0.49999059232554044,csr,128,1,40.25602945933073,0.9610211422307217,0.16273873827721994,0.32941176469755484,0.0009536573147141757,0.5368697523611355,0.2906978014087154,0.24617195095242017,0.0015296858200471851,0.0004551261899368822,0.33795839035627206,0.028304507239924143,0.006159880662035878
random-0.5/896x4864/t1-m128-csr_i32,,,896x4864,0.49999059232554044,csr_i32,128,1,38.58368939559686,0.975468702661303,0.22716261964074128,0.2549019607786467,0.029524376355294903,0.5221629619475153,0.27324290860645123,0.2489200533410641,0.001654428796009071,0.0002285560981506145,0.3506659056588824,0.005710484083458137,0.0058017949242889395
random-0.5/896x4864/t1-m128-dense,,,896x4864,0.49999059232554044,dense,128,1,8.129301986466379,2.7931637167006067,0.5300130248586098,0.06274509802979103,2.663441960799618e-06,0.42413067192896253,0.11085073063578306,0.3132799412931795,0.008023779620693849,0.0044434902436647754,0.048117016421736596,0.007086171069254838,0.0017548492699697696
random-0.5/896x4864/t16-m1-csr,,,896x4864,0.49999059232554044,csr,1,16,0.35402823221101104,1.1904821079978551,0.24649844195776122,0.16300732289285166,0.023773303646830387,0.6110593361108715,0.18034977829063006,0.43070955782024145,0.07082643946738006,0.01529674113036757,0.07869527360139092,0.005095296116922572,0.0007970041634526597
random-0.5/896x4864/t16-m1-csr_i32,,,896x4864,0.49999059232554044,csr_i32,1,16,0.25010791074961314,1.3900357047537648,0.305701079522022,0.18732684838285804,0.03193703486199306,0.5516355926188935,0.09213649695904953,0.459499095659844,0.07732241137707813,0.0010667252753654628,0.0045758261513614154,6.1761273244264265e-06,0.0008391687157706318
random-0.5/896x4864/t16-m1-dense,,,896x4864,0.49999059232554044,dense,1,16,0.03800184282364377,0.3920911844479037,0.08593820462371848,0.07179037977267937,0.0097264677381575,0.848923819994959,0.5667363332640302,0.28218748673092886,0.2596452819752592,0.28625291246017276,0.028695891200757787,5.87027510559875e-06,0.002635978463385786
random-0.5/896x4864/t16-m128-csr,,,896x4864,0.49999059232554044,csr,128,16,4.753717431427937,0.5453879468465965,0.06193391496367192,0.20241036537729945,0.0004500804519315248,0.7604062448405683,0.4277637741682483,0.33264247067232,0.03388681338185924,0.0017968945875734656,0.40304893439801665,0.019190914809054535,0.007074066845286818
random-0.5/896x4864/t16-m128-csr_i32,,,896x4864,0.49999059232554044,csr_i32,128,16,4.599278748770896,0.5403502306780055,0.06560034762771814,0.16806410684357426,0.00034653727569479664,0.778334188751632,0.4667437559775583,0.31159043277407367,0.027828222996992707,0.0,0.46152488080710524,0.00098179998247065,0.006699874238253877
random-0.5/896x4864/t16-m128-dense,,,896x4864,0.49999059232554044,dense,128,16,0.6099577109094906,2.594877865533157,0.45440256408209173,0.1338179385175694,0.01603609922432351,0.42780824758688396,0.1406043229315796,0.28720392465530437,0.025013722660763054,0.005735826370139795,0.0658600556054372,0.001574183330586134,0.0003204767545515204
random-0.7/896x4864/t1-m1-csr,,,896x4864,0.7000888451597744,csr,1,1,2.542494610583378,1.583622361776902,0.3097610146760047,0.20392156861446822,0.03147708721563035,0.4666382478682664,0.13514975190731596,0.3314884959609504,0.05612966121172215,0.0013144287968845565,0.0459182734543167,0.02728516124740825,4.927089980007428e-05
random-0.7/896x4864/t1-m1-csr_i32,,,896x4864,0.7000888451597744,csr_i32,1,1,1.968494189832017,1.7158255249019312,0.4020377006674841,0.082352941170674,0.06352064121350182,0.4628394819203494,0.0857917238082994,0.37704775811205,0.07316898165515712,0.0007895497163755269,0.002653659235053926,5.7246070952860815e-05,5.0219771447143825e-05
random-0.7/896x4864/t1-m1-dense,,,896x4864,0.7000888451597744,dense,1,1,0.5850662508589823,0.37618860321121617,0.0891671135434326,0.06666666665767605,0.0068141723771866294,0.8578093843436254,0.7102132674578254,0.1475961168858,0.19099114280920365,0.3442232207187063,0.18034092350777697,0.00011227208651938962,6.68671237362439e-05
random-0.7/896x4864/t1-m128-csr,,,896x4864,0.7000888451597744,csr,128,1,20.614261605909892,1.1570638976111223,0.22417416468008028,0.3058823529370101,0.011808871172377382,0.48819633163624404,0.23331842853946294,0.2548779030967811,0.0031185959655011327,0.0004216492509811015,0.2701278109881973,0.018220013047044396,0.011883503592884597
random-0.7/896x4864/t1-m128-csr_i32,,,896x4864,0.7000888451597744,csr_i32,128,1,19.627715963748546,1.1824008286315373,0.2637885474545513,0.25098039214435575,0.03595138669659603,0.47256741673644564,0.21714620107752666,0.25542121565891895,0.0031807440397666796,0.00036678738541532307,0.2756676324401204,0.0010825380895060361,0.009299440306031598
random-0.7/896x4864/t1-m128-dense,,,896x4864,0.7000888451597744,dense,128,1,8.11860988368139,2.797065642903791,0.5355116989459251,0.050980392151829916,6.462899448295089e-07,0.4211404542510782,0.10798678424275918,0.31315367000831906,0.00808646568123673,0.004361358698819913,0.04888976610589962,0.005126319887189891,0.0017996618198498785
random-0.7/896x4864/t16-m1-csr,,,896x4864,0.7000888451597744,csr,1,16,0.20087243054357706,1.2798898167340955,0.27393165856013574,0.12320638317617552,0.034411244150884264,0.6049062684179111,0.11736560976434281,0.48754065865356827,0.07675529202395126,0.007877573804591425,0.021323495775283183,5.3881853036627254e-06,0.0014162413091480443
random-0.7/896x4864/t16-m1-csr_i32,,,896x4864,0.7000888451597744,csr_i32,1,16,0.1622085452339529,1.318117775166169,0.29589462770108194,0.11498169322452889,0.03242802842132309,0.5831903965621836,0.09637649858462649,0.48681389797755714,0.0807342473775561,0.0015064613073177803,0.004751628315087599,6.49188398979786e-06,0.0007383752910624453
random-0.7/896x4864/t16-m1-dense,,,896x4864,0.7000888451597744,dense,1,16,0.038435808809211616,0.3889598264624449,0.0683347004978683,0.09921821081923182,0.005672061090077334,0.8475996033530387,0.5636985198928627,0.28390108346017606,0.25321244534931797,0.28595006587964134,0.03325157243544499,7.2016072135671525e-06,0.0024393748527760245
random-0.7/896x4864/t16-m128-csr,,,896x4864,0.7000888451597744,csr,128,16,2.2065080198220848,0.7412141963993084,0.07092516803491838,0.3242814708591056,0.002138083432348339,0.6227095945149737,0.21768399569343524,0.40502559882153844,0.053518142038270704,0.006717060343913289,0.17822856991851574,0.012917870654072544,0.015004428826776314
random-0.7/896x4864/t16-m128-csr_i32,,,896x4864,0.7000888451597744,csr_i32,128,16,2.112983330949912,0.7502004148127112,0.08769063139720563,0.2992696664690231,0.0024017667416333984,0.6388935783397607,0.22347660386427998,0.4154169744754807,0.04816998825298493,0.00020264203178035247,0.20314275046881627,0.0008215283015768048,0.013148013313140312
random-0.7/896x4864/t16-m128-dense,,,896x4864,0.7000888451597744,dense,128,16,0.6074737657119672,2.60275637363173,0.46094485826258036,0.12498952944273849,0.01808812701166188,0.4280367439794338,0.14011204062504556,0.28792470335438825,0.024792059789344102,0.005860476139638444,0.06330739478826906,0.003552971287703913,0.0003077837842670178
random-0.9/896x4864/t1-m1-csr,,,896x4864,0.900056767284422,csr,1,1,0.9059241480935468,1.5917705173027672,0.32966782354683816,0.15686274508951162,0.06338166655467585,0.4630517355633857,0.18804585903207277,0.2750058765313129,0.11179619505612862,0.031238113232819276,0.04423920577596395,8.926891571080079e-05,8.852208934005561e-05
random-0.9/896x4864/t1-m1-csr_i32,,,896x4864,0.900056767284422,csr_i32,1,1,0.7242529988605451,1.6839659961686821,0.3374701541445632,0.21176470587782173,0.06672301810853742,0.4078074963704575,0.14902771607513318,0.25877978029532434,0.1466256070098002,0.0013510716449938631,0.006243394984378217,0.0001196868196668,0.00015165285270938417
random-0.9/896x4864/t1-m1-dense,,,896x4864,0.900056767284422,dense,1,1,0.6311953196318908,0.3487157225326423,0.07933703040990672,0.0705882352828358,0.0027970697270871614,0.8675723245389237,0.7315506338562981,0.1360216906826256,0.14670237354998036,0.34589461390916587,0.24185712757625083,0.0020439731229621953,7.199164196618264e-05
random-0.9/896x4864/t1-m128-csr,,,896x4864,0.900056767284422,csr,128,1,6.697464218762304,1.3435215890529983,0.27960247263149135,0.26666666666521527,0.03485551940196305,0.4508701786309043,0.20404565064365707,0.24682452798724722,0.009810860224654647,0.0009798681500042406,0.23333764718093328,0.00303016679307068,0.025520975570906046
random-0.9/896x4864/t1-m128-csr_i32,,,896x4864,0.900056767284422,csr_i32,128,1,6.500609888916309,1.3508631068793624,0.2780516117290797,0.266666666659407,0.03794363076867809,0.4457699506237382,0.20044536684930359,0.2453245837744346,0.009930047594891472,0.001297973477586577,0.23249543470309086,0.00011054182641293186,0.025713243278030828
random-0.9/896x4864/t1-m128-dense,,,896x4864,0.900056767284422,dense,128,1,8.107392486689994,2.8004013114227724,0.5290760383753244,0.07843137253514255,1.0843737851771125e-06,0.4234959044192605,0.1086362610128025,0.314859643406458,0.008032362705630363,0.004425021445057593,0.04940022235141604,0.0038956750527000825,0.0018480568422578315
random-0.9/896x4864/t16-m1-csr,,,896x4864,0.900056767284422,csr,1,16,0.0977091960726845,0.9843193010469622,0.19795805568560468,0.1432872396497484,0.020456241046541354,0.676915253187383,0.13400561288089147,0.5429096403064915,0.09533934488557042,0.007453614263609624,0.025690081549734588,5.3798571220055015e-06,0.0027507483056682276
random-0.9/896x4864/t16-m1-csr_i32,,,896x4864,0.900056767284422,csr_i32,1,16,0.08203306605235221,0.9879737660743848,0.21107246964491636,0.13198549724759134,0.016366587583729504,0.667153537070395,0.11487151828482041,0.5522820187855746,0.09463671041740142,0.0011426483776839742,0.015607756023212802,6.404673278038483e-06,0.0017276396362295337
random-0.9/896x4864/t16-m1-dense,,,896x4864,0.900056767284422,dense,1,16,0.03865645189377922,0.39542058656430146,0.08764373602049867,0.07988117052807314,0.010859467537574503,0.839881578245447,0.5501806208634427,0.2897009573820043,0.23468575968583127,0.2938156342564447,0.03046159056764269,5.76228141360606e-06,0.0025173786326715577
random-0.9/896x4864/t16-m128-csr,,,896x4864,0.900056767284422,csr,128,16,1.2828311070903051,0.5418713007341162,0.06786894458509068,0.19238209824570865,0.003512264216623135,0.7751514330118224,0.19907868691365443,0.576072746098168,0.08638383070286018,0.004525265226695104,0.10459518745073082,0.00016593881247366294,0.02000644019517038
random-0.9/896x4864/t16-m128-csr_i32,,,896x4864,0.900056767284422,csr_i32,128,16,1.275911238850902,0.5311905075454045,0.07189811373177293,0.15611041905816328,0.0030305993657617153,0.7840115607666338,0.22049608599918352,0.5635154747674502,0.08422966581893349,0.003205613773408581,0.1259738509102451,1.3831787985737355e-05,0.02351912354493876
random-0.9/896x4864/t16-m128-dense,,,896x4864,0.900056767284422,dense,128,16,0.604798028685808,2.6134903203499418,0.464289657147243,0.12572563822298638,0.015398971845778221,0.4225688843827238,0.13491513232596114,0.28765375205676263,0.024818846172065895,0.0058204829919449395,0.0604209706691681,0.003392913120267364,0.00029649086782271273
sparsegpt-nm2-4/12.mlp.down_proj/t1-m1-csr,/mnt/netapp2/Store_uni//home/ulc/cursos/curso395/sparse-inference/checkpoints/sparsegpt-nm2-4,model.layers.12.mlp.down_proj,896x4864,0.5,csr,1,1,4.427438464407164,1.483858038026795,0.18997346131964224,0.3529411764628812,0.0006102516297507392,0.46882473997839147,0.1788977778154776,0.28992696216291386,0.04664651851639669,0.004951046125631528,0.0074118833879769095,0.11303054350980182,0.00024165473936919095
sparsegpt-nm2-4/12.mlp.down_proj/t1-m1-csr_i32,/mnt/netapp2/Store_uni//home/ulc/cursos/curso395/sparse-inference/checkpoints/sparsegpt-nm2-4,model.layers.12.mlp.down_proj,896x4864,0.5,csr_i32,1,1,3.2232031110093016,1.7043703156318835,0.40426470895683225,0.07843137254229092,0.06693213545610735,0.463013855947865,0.07501848947513688,0.3879953664727281,0.0643545586864438,0.001129986791268855,0.001995926674179949,8.062539812475871e-05,3.574627084372589e-05
sparsegpt-nm2-4/12.mlp.down_proj/t1-m1-csr_i32_rowmajor,/mnt/netapp2/Store_uni//home/ulc/cursos/curso395/sparse-inference/checkpoints/sparsegpt-nm2-4,model.layers.12.mlp.down_proj,896x4864,0.5,csr_i32_rowmajor,1,1,3.2181447541244497,1.7055981192036216,0.41062535648756604,0.04705882351627064,0.07327392647877663,0.47719549510963455,0.07678742085327403,0.4004080742563605,0.06516437249483875,0.0007430994533021003,0.0013966056351149732,6.701070022898052e-05,3.8834287740176766e-05
sparsegpt-nm2-4/12.mlp.down_proj/t1-m1-csr_rowmajor,/mnt/netapp2/Store_uni//home/ulc/cursos/curso395/sparse-inference/checkpoints/sparsegpt-nm2-4,model.layers.12.mlp.down_proj,896x4864,0.5,csr_rowmajor,1,1,4.49154853686958,1.4616212651463818,0.1850474809502616,0.3568627450937297,0.00029771326475336573,0.46998916803872903,0.18636154843925942,0.2836276195994696,0.04620081557245807,0.004069724101759617,0.008153113185671364,0.12322602002867045,0.00016674023500072642
sparsegpt-nm2-4/12.mlp.down_proj/t1-m1-dense,/mnt/netapp2/Store_uni//home/ulc/cursos/curso395/sparse-inference/checkpoints/sparsegpt-nm2-4,model.layers.12.mlp.down_proj,896x4864,0.5,dense,1,1,0.6427343070254206,0.3431813933960863,0.01614241696878098,0.22352941176037433,0.0009288792475769459,0.8089836003672849,0.6842342049462828,0.12474939542100205,0.14246057158193465,0.004073686734208719,0.46985341083441257,0.12063340337713663,1.2839212009662293e-05
sparsegpt-nm2-4/12.mlp.down_proj/t1-m128-csr,/mnt/netapp2/Store_uni//home/ulc/cursos/curso395/sparse-inference/checkpoints/sparsegpt-nm2-4,model.layers.12.mlp.down_proj,896x4864,0.5,csr,128,1,40.07212760051092,0.9657509289831057,0.1602248007412831,0.3372549019531935,0.0009836092768861521,0.5367074343809822,0.28826661953816973,0.2484408148428125,0.001570736005620385,9.342434579675919e-05,0.3335037983985624,0.029105781560471347,0.006364706184201104
sparsegpt-nm2-4/12.mlp.down_proj/t1-m128-csr_i32,/mnt/netapp2/Store_uni//home/ulc/cursos/curso395/sparse-inference/checkpoints/sparsegpt-nm2-4,model.layers.12.mlp.down_proj,896x4864,0.5,csr_i32,128,1,38.17039510145139,0.9860361334002459,0.23122413861926167,0.2509803921524703,0.034032560687980495,0.5230044628592923,0.2727077778636629,0.25029668499562935,0.0016389872430346397,1.0470602625577899e-05,0.34706660711477594,0.0061913158480319565,0.0058011563008628746
sparsegpt-nm2-4/12.mlp.down_proj/t1-m128-csr_i32_rowmajor,/mnt/netapp2/Store_uni//home/ulc/cursos/curso395/sparse-inference/checkpoints/sparsegpt-nm2-4,model.layers.12.mlp.down_proj,896x4864,0.5,csr_i32_rowmajor,128,1,37.932505713531164,0.9545724730497045,0.22123697522351576,0.07058823528230314,0.03171510178357383,0.6905386311886238,0.3596912485670131,0.3308473826216107,0.0003482173626513138,6.729268801149849e-05,0.35914142283437833,0.0012863849304800556,0.0011436455054759404
sparsegpt-nm2-4/12.mlp.down_proj/t1-m128-csr_rowmajor,/mnt/netapp2/Store_uni//home/ulc/cursos/curso395/sparse-inference/checkpoints/sparsegpt-nm2-4,model.layers.12.mlp.down_proj,896x4864,0.5,csr_rowmajor,128,1,39.603125972373505,0.9412699563028871,0.1633512298398039,0.16078431371674062,0.0009737141966976537,0.696792966036524,0.3731244385543537,0.3236685274821703,0.0004800318625189018,9.822297973742953e-06,0.34510790137093444,0.023270150505383946,0.0017694056537269896
sparsegpt-nm2-4/12.mlp.down_proj/t1-m128-dense,/mnt/netapp2/Store_uni//home/ulc/cursos/curso395/sparse-inference/checkpoints/sparsegpt-nm2-4,model.layers.12.mlp.down_proj,896x4864,0.5,dense,128,1,8.2451680122496,2.7546364148384117,0.5285135001680552,0.04313725489820817,2.6649273499683824e-06,0.43439585311600476,0.12786869338479698,0.3065271597312078,0.008472701246301187,0.004707738465810797,0.045778689878612375,0.020703845243387343,0.0013543604040158201
sparsegpt-nm2-4/12.mlp.down_proj/t16-m1-csr,/mnt/netapp2/Store_uni//home/ulc/cursos/curso395/sparse-inference/checkpoints/sparsegpt-nm2-4,model.layers.12.mlp.down_proj,896x4864,0.5,csr,1,16,0.350934326413049,1.2000090719571188,0.2514460053733705,0.1499725422795609,0.025933827148670777,0.6081783246900953,0.18244309622589192,0.4257352284642033,0.06863712833895576,0.011191707352503714,0.08140750985834919,0.011409301615452562,0.0006167674613532396
sparsegpt-nm2-4/12.mlp.down_proj/t16-m1-csr_i32,/mnt/netapp2/Store_uni//home/ulc/cursos/curso395/sparse-inference/checkpoints/sparsegpt-nm2-4,model.layers.12.mlp.down_proj,896x4864,0.5,csr_i32,1,16,0.2499136652199947,1.3907623496077515,0.3140137970308154,0.13370063429419457,0.03287620742823545,0.5570512691610136,0.08785553089746234,0.4691957382635512,0.07413868177534048,0.000953696858298813,0.0037460451204527037,6.321037390848734e-06,0.0007873988398025806
sparsegpt-nm2-4/12.mlp.down_proj/t16-m1-csr_i32_rowmajor,/mnt/netapp2/Store_uni//home/ulc/cursos/curso395/sparse-inference/checkpoints/sparsegpt-nm2-4,model.layers.12.mlp.down_proj,896x4864,0.5,csr_i32_rowmajor,1,16,0.24581115186832733,1.410867452693702,0.32118954422340945,0.1522409719523889,0.034867740116683026,0.5546684011158032,0.08759171550304902,0.46707668561275417,0.07346055281306288,0.0011173502925355538,0.00358911202908576,6.014188130469376e-06,0.000670812553915369
sparsegpt-nm2-4/12.mlp.down_proj/t16-m1-csr_rowmajor,/mnt/netapp2/Store_uni//home/ulc/cursos/curso395/sparse-inference/checkpoints/sparsegpt-nm2-4,model.layers.12.mlp.down_proj,896x4864,0.5,csr_rowmajor,1,16,0.35154035256859956,1.1975119580954405,0.2513050618377645,0.1416933391860995,0.028497707363641895,0.6100480158826268,0.18478481970204216,0.4252631961805846,0.06741554960647687,0.012614954333585756,0.08467275314999177,0.009638284448760023,0.000966113584157545
sparsegpt-nm2-4/12.mlp.down_proj/t16-m1-dense,/mnt/netapp2/Store_uni//home/ulc/cursos/curso395/sparse-inference/checkpoints/sparsegpt-nm2-4,model.layers.12.mlp.down_proj,896x4864,0.5,dense,1,16,0.038856259691806304,0.38275886786614505,0.08740121873320802,0.07031273435071114,0.011106086858404663,0.851773724948269,0.5790780503976937,0.2726956745505753,0.23178816940189442,0.28511586507733216,0.07070729839100667,6.096272074665401e-06,0.0020786980384326407
sparsegpt-nm2-4/12.mlp.down_proj/t16-m128-csr,/mnt/netapp2/Store_uni//home/ulc/cursos/curso395/sparse-inference/checkpoints/sparsegpt-nm2-4,model.layers.12.mlp.down_proj,896x4864,0.5,csr,128,16,4.92699188723157,0.5259446037343907,0.06265418159791016,0.17497564152960834,0.0006077515334590493,0.7795707244532444,0.4528928719215654,0.32667785253167897,0.032767447793928636,0.0016027708288932107,0.42715928962778765,0.01637758660124874,0.006146229370506024
sparsegpt-nm2-4/12.mlp.down_proj/t16-m128-csr_i32,/mnt/netapp2/Store_uni//home/ulc/cursos/curso395/sparse-inference/checkpoints/sparsegpt-nm2-4,model.layers.12.mlp.down_proj,896x4864,0.5,csr_i32,128,16,4.719744778328176,0.5268417742909264,0.06253674590487014,0.1678508458015922,0.00043363915658420403,0.7864876472254122,0.4777451494887766,0.3087424977366356,0.027168335602932154,0.0,0.4719040752659048,0.0007638594667601761,0.006335626885112682
sparsegpt-nm2-4/12.mlp.down_proj/t16-m128-csr_i32_rowmajor,/mnt/netapp2/Store_uni//home/ulc/cursos/curso395/sparse-inference/checkpoints/sparsegpt-nm2-4,model.layers.12.mlp.down_proj,896x4864,0.5,csr_i32_rowmajor,128,16,3.8176781500265493,0.6032113211625619,0.12939427344747612,0.09387025597765834,0.010635315155093283,0.7901947733442486,0.5496094969807555,0.24058527636349314,0.009716158016301213,0.0,0.5488942317177896,0.0002507069329157284,0.0006482429534961498
sparsegpt-nm2-4/12.mlp.down_proj/t16-m128-csr_rowmajor,/mnt/netapp2/Store_uni//home/ulc/cursos/curso395/sparse-inference/checkpoints/sparsegpt-nm2-4,model.layers.12.mlp.down_proj,896x4864,0.5,csr_rowmajor,128,16,3.8358290810485656,0.621362336732635,0.10686007543521056,0.14606444397814136,0.006505532270306744,0.7716309405796185,0.5178302738835975,0.25380066669602097,0.01609844277682176,0.00017529203721492175,0.4998329481201605,0.01676051205017271,0.002346465321045492
sparsegpt-nm2-4/12.mlp.down_proj/t16-m128-dense,/mnt/netapp2/Store_uni//home/ulc/cursos/curso395/sparse-inference/checkpoints/sparsegpt-nm2-4,model.layers.12.mlp.down_proj,896x4864,0.5,dense,128,16,0.6143072700435069,2.576671449891925,0.45100435731919103,0.14508366186015972,0.0163888001437359,0.42948473308627483,0.14772251734370712,0.2817622157425677,0.02499379220024829,0.0059320106209039165,0.06091127087427181,0.012289756421087582,0.0003194621931159127
sparsegpt-u50/12.mlp.down_proj/t1-m1-csr,/mnt/netapp2/Store_uni//home/ulc/cursos/curso395/sparse-inference/checkpoints/sparsegpt-u50,model.layers.12.mlp.down_proj,896x4864,0.5000087193080357,csr,1,1,4.512167687254741,1.4574359920832518,0.17425121007005323,0.3764705882287875,0.00026050905001806426,0.46411897722514633,0.19563010285078516,0.2684888743743612,0.04884276447608852,0.00681735947810593,0.009475109250228498,0.1258657839021786,0.00012203844501662079
sparsegpt-u50/12.mlp.down_proj/t1-m1-csr_i32,/mnt/netapp2/Store_uni//home/ulc/cursos/curso395/sparse-inference/checkpoints/sparsegpt-u50,model.layers.12.mlp.down_proj,896x4864,0.5000087193080357,csr_i32,1,1,3.225716805296594,1.7037514919923489,0.40248578725587547,0.0666666666618001,0.0673870474563218,0.4673870474563218,0.08218668720696576,0.38520036024935606,0.07037250905576568,0.0007963092081505949,0.0015966900282078148,6.741212463176706e-05,2.4426422764689406e-05
sparsegpt-u50/12.mlp.down_proj/t1-m1-csr_i32_rowmajor,/mnt/netapp2/Store_uni//home/ulc/cursos/curso395/sparse-inference/checkpoints/sparsegpt-u50,model.layers.12.mlp.down_proj,896x4864,0.5000087193080357,csr_i32_rowmajor,1,1,3.222356817888138,1.7043913151577468,0.403137487964825,0.0784313725391434,0.06556425641221071,0.46948582504318276,0.0825301137137221,0.38695571132946066,0.07061507601708963,0.0007066809692363312,0.0014246629718844125,3.7681889099686324e-05,3.260909546313617e-05
sparsegpt-u50/12.mlp.down_proj/t1-m1-csr_rowmajor,/mnt/netapp2/Store_uni//home/ulc/cursos/curso395/sparse-inference/checkpoints/sparsegpt-u50,model.layers.12.mlp.down_proj,896x4864,0.5000087193080357,csr_rowmajor,1,1,4.497530655734402,1.4608863022035872,0.1768477368305283,0.37647058822964313,0.00023583073726231058,0.4680198341772493,0.19612126528008184,0.27189856889716746,0.04935850649410087,0.007728162400630752,0.010856359551050052,0.12170970901645074,0.00019681830606140083
sparsegpt-u50/12.mlp.down_proj/t1-m1-dense,/mnt/netapp2/Store_uni//home/ulc/cursos/curso395/sparse-inference/checkpoints/sparsegpt-u50,model.layers.12.mlp.down_proj,896x4864,0.5000087193080357,dense,1,1,0.6359932780073747,0.3463526182485503,0.0728990023670548,0.09019607842275293,0.004008604878858027,0.8572127278341574,0.7217467378884146,0.13546598994574277,0.14860785837103666,0.0,0.6417467449749796,0.01691690471249049,3.675961238737497e-05
sparsegpt-u50/12.mlp.down_proj/t1-m128-csr,/mnt/netapp2/Store_uni//home/ulc/cursos/curso395/sparse-inference/checkpoints/sparsegpt-u50,model.layers.12.mlp.down_proj,896x4864,0.5000087193080357,csr,128,1,40.36509507005253,0.9587971846173257,0.1563424900867629,0.3450980392077917,0.0007728906035684898,0.5356567464282793,0.2898851248420877,0.2457716215861916,0.0017058025417628568,0.0001881548830156594,0.3364823551414931,0.029891805421846884,0.0059441047920500735
sparsegpt-u50/12.mlp.down_proj/t1-m128-csr_i32,/mnt/netapp2/Store_uni//home/ulc/cursos/curso395/sparse-inference/checkpoints/sparsegpt-u50,model.layers.12.mlp.down_proj,896x4864,0.5000087193080357,csr_i32,128,1,38.88842946043904,0.9674757989660269,0.22076588694672808,0.2627450980327274,0.027481544794787982,0.5264227496243289,0.27700524763350587,0.24941750199082302,0.0015852055527528115,0.0002646890109685316,0.3553502011786159,0.0041438016855653535,0.005844125464167071
sparsegpt-u50/12.mlp.down_proj/t1-m128-csr_i32_rowmajor,/mnt/netapp2/Store_uni//home/ulc/cursos/curso395/sparse-inference/checkpoints/sparsegpt-u50,model.layers.12.mlp.down_proj,896x4864,0.5000087193080357,csr_i32_rowmajor,128,1,38.5327751819904,0.9396462692711456,0.21778269943007814,0.08627450980022923,0.029134018126903895,0.6918760396677411,0.36432278815334795,0.3275532515143932,0.0003912007946076098,0.0,0.3629380771678575,0.0039046049525935686,0.0013576946069214836
sparsegpt-u50/12.mlp.down_proj/t1-m128-csr_rowmajor,/mnt/netapp2/Store_uni//home/ulc/cursos/curso395/sparse-inference/checkpoints/sparsegpt-u50,model.layers.12.mlp.down_proj,896x4864,0.5000087193080357,csr_rowmajor,128,1,39.983850299440164,0.9323742349973405,0.16041002659647657,0.1647058823504771,0.0009252903709909973,0.6884728389922392,0.3729692445388045,0.31550359445343473,0.0004254721547363071,0.00015223334513502287,0.34882068971598895,0.025247742206860407,0.0016741975304492784
sparsegpt-u50/12.mlp.down_proj/t1-m128-dense,/mnt/netapp2/Store_uni//home/ulc/cursos/curso395/sparse-inference/checkpoints/sparsegpt-u50,model.layers.12.mlp.down_proj,896x4864,0.5000087193080357,dense,128,1,8.180188441663297,2.7787634466841102,0.4439683983864687,0.2,6.231761417434984e-07,0.4028758126914574,0.12115335622168442,0.28172245646977295,0.008185512240634737,0.004735568149949899,0.04803193901553667,0.01112801491190342,0.0016388690606033102
sparsegpt-u50/12.mlp.down_proj/t16-m1-csr,/mnt/netapp2/Store_uni//home/ulc/cursos/curso395/sparse-inference/checkpoints/sparsegpt-u50,model.layers.12.mlp.down_proj,896x4864,0.5000087193080357,csr,1,16,0.35148779395924074,1.198092220730478,0.165431490083318,0.3213579099484341,0.005217671346654501,0.5709090880913994,0.17823457659259104,0.3926745114988084,0.07112438132706202,0.012271125708208293,0.08312506146217861,0.006378186890914091,0.0008397715180323094
sparsegpt-u50/12.mlp.down_proj/t16-m1-csr_i32,/mnt/netapp2/Store_uni//home/ulc/cursos/curso395/sparse-inference/checkpoints/sparsegpt-u50,model.layers.12.mlp.down_proj,896x4864,0.5000087193080357,csr_i32,1,16,0.24822266661734174,1.3994188533498788,0.3104651004737766,0.14003267214870743,0.027523417966116383,0.5502286467695161,0.09179958062889512,0.45842906614062096,0.07713779196586709,0.0007070154755935258,0.004733345784662322,6.4408298788829365e-06,0.0007634396669829527
sparsegpt-u50/12.mlp.down_proj/t16-m1-csr_i32_rowmajor,/mnt/netapp2/Store_uni//home/ulc/cursos/curso395/sparse-inference/checkpoints/sparsegpt-u50,model.layers.12.mlp.down_proj,896x4864,0.5000087193080357,csr_i32_rowmajor,1,16,0.24486459481153572,1.4169681439224482,0.32276417604406393,0.1474773054375107,0.036032194044518746,0.5496338905888272,0.09047726615452725,0.45915662443429994,0.0765564156085345,0.0006414512879726243,0.003878135167973712,6.498218584261311e-06,0.0006168292903278867
sparsegpt-u50/12.mlp.down_proj/t16-m1-csr_rowmajor,/mnt/netapp2/Store_uni//home/ulc/cursos/curso395/sparse-inference/checkpoints/sparsegpt-u50,model.layers.12.mlp.down_proj,896x4864,0.5000087193080357,csr_rowmajor,1,16,0.3442652708191873,1.2200145315782431,0.24687243368944015,0.15843528226635056,0.026894321580483816,0.603293552326534,0.1816686003742525,0.42162495195228156,0.0687439879304898,0.012341020272952998,0.08418133696938498,0.004798871269201218,0.0008037708957368055
sparsegpt-u50/12.mlp.down_proj/t16-m1-dense,/mnt/netapp2/Store_uni//home/ulc/cursos/curso395/sparse-inference/checkpoints/sparsegpt-u50,model.layers.12.mlp.down_proj,896x4864,0.5000087193080357,dense,1,16,0.03767558775948034,0.3930310514265841,0.08216481706705205,0.0840234502882969,0.006634642625277989,0.8458516586781527,0.5757364688323365,0.2701151898458162,0.2509955401531951,0.2932904313595208,0.04098891493104153,6.252324017388834e-06,0.002433185074826083
sparsegpt-u50/12.mlp.down_proj/t16-m128-csr,/mnt/netapp2/Store_uni//home/ulc/cursos/curso395/sparse-inference/checkpoints/sparsegpt-u50,model.layers.12.mlp.down_proj,896x4864,0.5000087193080357,csr,128,16,4.887528785471031,0.5316529949631382,0.06002970422551735,0.1784161995047175,0.0008035918149445275,0.7744004682588529,0.4413648352275085,0.33303563303134437,0.03432762516664143,0.002263065774355678,0.41278511273269314,0.018306288742549203,0.005757355355320455
sparsegpt-u50/12.mlp.down_proj/t16-m128-csr_i32,/mnt/netapp2/Store_uni//home/ulc/cursos/curso395/sparse-inference/checkpoints/sparsegpt-u50,model.layers.12.mlp.down_proj,896x4864,0.5000087193080357,csr_i32,128,16,4.738162081060309,0.528064858881085,0.06546650515114397,0.16371177909894177,0.0006593016198911633,0.7865446826442692,0.47229058793774303,0.3142540947065262,0.029186436941936195,0.0,0.46311936214236454,0.001324791573126222,0.005497364381190496
sparsegpt-u50/12.mlp.down_proj/t16-m128-csr_i32_rowmajor,/mnt/netapp2/Store_uni//home/ulc/cursos/curso395/sparse-inference/checkpoints/sparsegpt-u50,model.layers.12.mlp.down_proj,896x4864,0.5000087193080357,csr_i32_rowmajor,128,16,3.803367547985567,0.6050283459674802,0.12671560156877254,0.1053944273486823,0.008063548812188131,0.789110543366439,0.5503381328471684,0.23877241051927067,0.009309539855227023,0.0,0.5500550053483604,0.0004125542896550154,0.0007794052274829034
sparsegpt-u50/12.mlp.down_proj/t16-m128-csr_rowmajor,/mnt/netapp2/Store_uni//home/ulc/cursos/curso395/sparse-inference/checkpoints/sparsegpt-u50,model.layers.12.mlp.down_proj,896x4864,0.5000087193080357,csr_rowmajor,128,16,3.9175736887410153,0.6103028824687904,0.10072382551573057,0.15218976717640398,0.003611484357122512,0.7733203360854051,0.5119790944654911,0.261341241619914,0.015423287454913389,5.022807680065331e-05,0.49097034079581436,0.02175429495342316,0.0015491211604157123
sparsegpt-u50/12.mlp.down_proj/t16-m128-dense,/mnt/netapp2/Store_uni//home/ulc/cursos/curso395/sparse-inference/checkpoints/sparsegpt-u50,model.layers.12.mlp.down_proj,896x4864,0.5000087193080357,dense,128,16,0.6117174604991338,2.5870632323166385,0.45616511418784955,0.13528311762464093,0.016520388441570503,0.427987171667684,0.14382214637622295,0.28416502529146104,0.0249218919817823,0.005673897138094197,0.06574945922177096,0.0048827461952341104,0.00030397696215247365
sparsegpt-u70/12.mlp.down_proj/t1-m1-csr,/mnt/netapp2/Store_uni//home/ulc/cursos/curso395/sparse-inference/checkpoints/sparsegpt-u70,model.layers.12.mlp.down_proj,896x4864,0.7000039466341635,csr,1,1,2.523541058859372,1.59561064189384,0.30652005218227035,0.23529411763844213,0.024155014939702315,0.45923619036973795,0.13537131623747378,0.32386487413226417,0.05709265763832487,0.00267980002783532,0.050030503245624414,0.021051757567597154,6.908091868194315e-05
sparsegpt-u70/12.mlp.down_proj/t1-m1-csr_i32,/mnt/netapp2/Store_uni//home/ulc/cursos/curso395/sparse-inference/checkpoints/sparsegpt-u70,model.layers.12.mlp.down_proj,896x4864,0.7000039466341635,csr_i32,1,1,1.9725257434063566,1.7130626071030342,0.40644308267481266,0.0941176470566601,0.061392648426352996,0.4574234748308101,0.08485396792347857,0.3725695069073315,0.07187660525543701,0.0012148842600981941,0.004009599613806384,9.172052769738886e-05,4.641686249636061e-05
sparsegpt-u70/12.mlp.down_proj/t1-m1-csr_i32_rowmajor,/mnt/netapp2/Store_uni//home/ulc/cursos/curso395/sparse-inference/checkpoints/sparsegpt-u70,model.layers.12.mlp.down_proj,896x4864,0.7000039466341635,csr_i32_rowmajor,1,1,1.9663169441447061,1.7165501613793566,0.41348194915477576,0.05882352940873646,0.07123089311803794,0.4712308931239214,0.08580457172688988,0.38542632139703153,0.07213993287024348,0.0008937282080370498,0.0028526211298029115,6.124201199226385e-05,7.813754196388194e-05
sparsegpt-u70/12.mlp.down_proj/t1-m1-csr_rowmajor,/mnt/netapp2/Store_uni//home/ulc/cursos/curso395/sparse-inference/checkpoints/sparsegpt-u70,model.layers.12.mlp.down_proj,896x4864,0.7000039466341635,csr_rowmajor,1,1,2.5465389252963604,1.5794326879347267,0.2987943724158677,0.2313725490123422,0.02672039871580733,0.4659182771644919,0.14529597765663513,0.3206222995078568,0.056314420617032485,0.0037952348970032137,0.0586295324502096,0.02092839147814854,6.332185740456824e-05
sparsegpt-u70/12.mlp.down_proj/t1-m1-dense,/mnt/netapp2/Store_uni//home/ulc/cursos/curso395/sparse-inference/checkpoints/sparsegpt-u70,model.layers.12.mlp.down_proj,896x4864,0.7000039466341635,dense,1,1,0.6490560801138248,0.3395921648626567,0.07255706076520549,0.07450980391058859,0.00963883838769983,0.8645215763515243,0.7301283427926325,0.13439323355889177,0.13820711826547727,0.019151058793987378,0.4963087906702424,0.0864205623901782,1.0860132203121759e-05
sparsegpt-u70/12.mlp.down_proj/t1-m128-csr,/mnt/netapp2/Store_uni//home/ulc/cursos/curso395/sparse-inference/checkpoints/sparsegpt-u70,model.layers.12.mlp.down_proj,896x4864,0.7000039466341635,csr,128,1,20.21058958179216,1.1802994486149714,0.22997137023360215,0.2941176470520217,0.009917875298377612,0.4901982466483943,0.23161242715399738,0.2585858194943969,0.0029536366715159786,0.0008017806637144675,0.2632182419427358,0.01800825546165818,0.01157551289453291
sparsegpt-u70/12.mlp.down_proj/t1-m128-csr_i32,/mnt/netapp2/Store_uni//home/ulc/cursos/curso395/sparse-inference/checkpoints/sparsegpt-u70,model.layers.12.mlp.down_proj,896x4864,0.7000039466341635,csr_i32,128,1,19.219963411858995,1.2079738043166546,0.2635407353404367,0.26666666666087996,0.029663568342551398,0.46000260889524003,0.21010649641909226,0.24989611247614776,0.003285618154569668,0.00014533952231484507,0.2688860257342586,0.001516130336844318,0.009753794325624801
sparsegpt-u70/12.mlp.down_proj/t1-m128-csr_i32_rowmajor,/mnt/netapp2/Store_uni//home/ulc/cursos/curso395/sparse-inference/checkpoints/sparsegpt-u70,model.layers.12.mlp.down_proj,896x4864,0.7000039466341635,csr_i32_rowmajor,128,1,19.35539804639355,1.1253233290105107,0.257380121651627,0.08627450980290073,0.036794371852133356,0.6402146335459586,0.2967724529923535,0.34344218055360515,0.0006227701777619438,0.0,0.2925556369688037,0.0002553029705579401,0.0016368482477418513
sparsegpt-u70/12.mlp.down_proj/t1-m128-csr_rowmajor,/mnt/netapp2/Store_uni//home/ulc/cursos/curso395/sparse-inference/checkpoints/sparsegpt-u70,model.layers.12.mlp.down_proj,896x4864,0.7000039466341635,csr_rowmajor,128,1,19.793099662323424,1.1333139375507595,0.22569412799400865,0.1568627450882583,0.013775277646759516,0.6331452871497099,0.29550217278391383,0.337643114365796,0.0006060751360569706,0.0007633204152190044,0.27897397852451444,0.01097426964543585,0.0022610995264715703
sparsegpt-u70/12.mlp.down_proj/t1-m128-dense,/mnt/netapp2/Store_uni//home/ulc/cursos/curso395/sparse-inference/checkpoints/sparsegpt-u70,model.layers.12.mlp.down_proj,896x4864,0.7000039466341635,dense,128,1,8.240816487691875,2.7565383598746895,0.525907347604342,0.062745098025462,3.446143271906246e-07,0.4279814478701084,0.12567053633734251,0.3023109115327659,0.00838065402435143,0.004814692161260093,0.04635941957499721,0.01948025818164059,0.0014332095383036952
sparsegpt-u70/12.mlp.down_proj/t16-m1-csr,/mnt/netapp2/Store_uni//home/ulc/cursos/curso395/sparse-inference/checkpoints/sparsegpt-u70,model.layers.12.mlp.down_proj,896x4864,0.7000039466341635,csr,1,16,0.20815144772054042,1.2408804604101784,0.26220667764752026,0.16081678104551417,0.02997653027255195,0.5974570209371153,0.1115239182580893,0.485933102679026,0.07836202414757647,0.006858985999463962,0.01862124653268123,4.7728726402712745e-06,0.0015412969976292233
sparsegpt-u70/12.mlp.down_proj/t16-m1-csr_i32,/mnt/netapp2/Store_uni//home/ulc/cursos/curso395/sparse-inference/checkpoints/sparsegpt-u70,model.layers.12.mlp.down_proj,896x4864,0.7000039466341635,csr_i32,1,16,0.16412580502420754,1.304981784742776,0.2996392638443701,0.11560467285250776,0.03806277226068327,0.5865506457934279,0.09589820160876757,0.4906524441846603,0.0808628470799781,0.0009979225520590825,0.004985406293032162,6.625279316705233e-06,0.0009405828152238348
sparsegpt-u70/12.mlp.down_proj/t16-m1-csr_i32_rowmajor,/mnt/netapp2/Store_uni//home/ulc/cursos/curso395/sparse-inference/checkpoints/sparsegpt-u70,model.layers.12.mlp.down_proj,896x4864,0.7000039466341635,csr_i32_rowmajor,1,16,0.1607076747352084,1.3284221035232742,0.30494723405057916,0.12722849616197549,0.039564271194485426,0.5771070629158811,0.09485912494850883,0.48224793796737225,0.08015507265677882,0.0010980357479575883,0.004923927973569789,6.606435097115826e-06,0.0008264070203599757
sparsegpt-u70/12.mlp.down_proj/t16-m1-csr_rowmajor,/mnt/netapp2/Store_uni//home/ulc/cursos/curso395/sparse-inference/checkpoints/sparsegpt-u70,model.layers.12.mlp.down_proj,896x4864,0.7000039466341635,csr_rowmajor,1,16,0.2025935605172368,1.2706047955441786,0.2686190140273801,0.15074891814984884,0.029236622621263468,0.5972712439071748,0.11320387004771676,0.48406737385945803,0.0773419422709477,0.006814676471071139,0.019749577230114702,5.870677918972658e-06,0.0012722736842015283
sparsegpt-u70/12.mlp.down_proj/t16-m1-dense,/mnt/netapp2/Store_uni//home/ulc/cursos/curso395/sparse-inference/checkpoints/sparsegpt-u70,model.layers.12.mlp.down_proj,896x4864,0.7000039466341635,dense,1,16,0.03891535620848147,0.38400677038254,0.08563673694669545,0.06859550807226782,0.008113008334316678,0.8523852883574771,0.5720251139653983,0.2803601743920787,0.2347837682827272,0.28012133664082345,0.06464808503585744,5.552888617539752e-06,0.0024510222621144328
sparsegpt-u70/12.mlp.down_proj/t16-m128-csr,/mnt/netapp2/Store_uni//home/ulc/cursos/curso395/sparse-inference/checkpoints/sparsegpt-u70,model.layers.12.mlp.down_proj,896x4864,0.7000039466341635,csr,128,16,2.2851935775677,0.7104366821917671,0.06986343740811013,0.31571286700894874,0.0017500260723827415,0.6365244451186931,0.2317196369018351,0.404804808216858,0.05481384868998843,0.006187515191232191,0.1931795739834332,0.012280168844958708,0.013758528550982665
sparsegpt-u70/12.mlp.down_proj/t16-m128-csr_i32,/mnt/netapp2/Store_uni//home/ulc/cursos/curso395/sparse-inference/checkpoints/sparsegpt-u70,model.layers.12.mlp.down_proj,896x4864,0.7000039466341635,csr_i32,128,16,2.182408283386842,0.7281935216420035,0.08576347897275494,0.2769679998851159,0.002253381898929105,0.6544329467531076,0.24292661189510548,0.41150633485800214,0.047888717590914634,0.0,0.22443421805742092,0.0004223840721721226,0.013369589470119762
sparsegpt-u70/12.mlp.down_proj/t16-m128-csr_i32_rowmajor,/mnt/netapp2/Store_uni//home/ulc/cursos/curso395/sparse-inference/checkpoints/sparsegpt-u70,model.layers.12.mlp.down_proj,896x4864,0.7000039466341635,csr_i32_rowmajor,128,16,1.3769205400765718,1.0246743056097225,0.20813286764146618,0.14853562847879243,0.02526872319240581,0.6474337259069973,0.31251392682448936,0.33491979908250796,0.01230515224269501,0.0011941971388088899,0.30323664937302197,9.62909382323534e-05,0.0014119140293625502
sparsegpt-u70/12.mlp.down_proj/t16-m128-csr_rowmajor,/mnt/netapp2/Store_uni//home/ulc/cursos/curso395/sparse-inference/checkpoints/sparsegpt-u70,model.layers.12.mlp.down_proj,896x4864,0.7000039466341635,csr_rowmajor,128,16,1.3991154440552014,1.0368824074982992,0.19525709056736454,0.1862630921486055,0.021229805669917765,0.6326539147110235,0.3021572058457717,0.3304967088652518,0.015655913656672748,0.002888956516485509,0.2818138592399496,0.01038566363940716,0.0021580926269931387
sparsegpt-u70/12.mlp.down_proj/t16-m128-dense,/mnt/netapp2/Store_uni//home/ulc/cursos/curso395/sparse-inference/checkpoints/sparsegpt-u70,model.layers.12.mlp.down_proj,896x4864,0.7000039466341635,dense,128,16,0.6122821820704829,2.5887510550979815,0.4135325307099722,0.21738931660675526,0.015095938938965726,0.42895646149301586,0.14724297959019333,0.2817134819028225,0.024773802495399684,0.006034524555895253,0.06001621698098998,0.008575680939544089,0.0003504998784081454
sparsegpt-u90/12.mlp.down_proj/t1-m1-csr,/mnt/netapp2/Store_uni//home/ulc/cursos/curso395/sparse-inference/checkpoints/sparsegpt-u90,model.layers.12.mlp.down_proj,896x4864,0.9000072049019032,csr,1,1,0.910071360602408,1.5851370817140151,0.3342201524415153,0.15686274508618897,0.059058173712136106,0.46757870263186474,0.19333521014588115,0.27424349248598356,0.12016919311639196,0.02917954619283774,0.04324027717246054,9.203474047522764e-05,0.0001368718029927007
sparsegpt-u90/12.mlp.down_proj/t1-m1-csr_i32,/mnt/netapp2/Store_uni//home/ulc/cursos/curso395/sparse-inference/checkpoints/sparsegpt-u90,model.layers.12.mlp.down_proj,896x4864,0.9000072049019032,csr_i32,1,1,0.7215032204293992,1.7021683328147534,0.3440280690195082,0.17647058823485817,0.07642178029989481,0.4184399264301202,0.14033589898532708,0.2781040274447931,0.13072903313206571,0.0014236995234660084,0.007553848488325499,0.00011517164575849103,0.00024107588667041604
sparsegpt-u90/12.mlp.down_proj/t1-m1-csr_i32_rowmajor,/mnt/netapp2/Store_uni//home/ulc/cursos/curso395/sparse-inference/checkpoints/sparsegpt-u90,model.layers.12.mlp.down_proj,896x4864,0.9000072049019032,csr_i32_rowmajor,1,1,0.7206130524786571,1.702527562955175,0.34289749582644735,0.18431372548220643,0.06875189470456682,0.4170347338624861,0.14542055243454435,0.2716141814279417,0.13868016571109737,0.0011637911476284906,0.0056120592130579185,0.00012593415148446537,0.00023288099857694114
sparsegpt-u90/12.mlp.down_proj/t1-m1-csr_rowmajor,/mnt/netapp2/Store_uni//home/ulc/cursos/curso395/sparse-inference/checkpoints/sparsegpt-u90,model.layers.12.mlp.down_proj,896x4864,0.9000072049019032,csr_rowmajor,1,1,0.8984416126169597,1.6093052854296857,0.32881309505161427,0.1647058823469559,0.06200738254808211,0.4662691775262779,0.1814883702578448,0.2847808072684331,0.1026774031544419,0.02450196638383032,0.050823119643212365,8.996758779394442e-05,0.0002915245218761987
sparsegpt-u90/12.mlp.down_proj/t1-m1-dense,/mnt/netapp2/Store_uni//home/ulc/cursos/curso395/sparse-inference/checkpoints/sparsegpt-u90,model.layers.12.mlp.down_proj,896x4864,0.9000072049019032,dense,1,1,0.6482011740523764,0.34017681098797986,0.07535513539636972,0.058823529401161354,0.008688468728200918,0.8672807395866379,0.7322581376210946,0.13502260196554328,0.13862227063780524,0.005553824031170119,0.5188492429893963,0.0767662076390964,1.2213608876123189e-05
sparsegpt-u90/12.mlp.down_proj/t1-m128-csr,/mnt/netapp2/Store_uni//home/ulc/cursos/curso395/sparse-inference/checkpoints/sparsegpt-u90,model.layers.12.mlp.down_proj,896x4864,0.9000072049019032,csr,128,1,6.115311491722678,1.4730372347830873,0.3031994483183364,0.2705882352943739,0.04005130960848624,0.4322361638047998,0.18322297938877175,0.24901318441602804,0.009101353684536715,0.0018552534817828231,0.19739269965302852,0.00019630966631265553,0.03158622602139865
sparsegpt-u90/12.mlp.down_proj/t1-m128-csr_i32,/mnt/netapp2/Store_uni//home/ulc/cursos/curso395/sparse-inference/checkpoints/sparsegpt-u90,model.layers.12.mlp.down_proj,896x4864,0.9000072049019032,csr_i32,128,1,5.953451389417289,1.4759261717460568,0.29239678353612425,0.25490196077790456,0.039161511526444724,0.4312077458757734,0.18275356161286765,0.24845418426290572,0.009290667573056612,0.0019353361028583902,0.1956225311262179,4.087473604045014e-05,0.03167044872688667
sparsegpt-u90/12.mlp.down_proj/t1-m128-csr_i32_rowmajor,/mnt/netapp2/Store_uni//home/ulc/cursos/curso395/sparse-inference/checkpoints/sparsegpt-u90,model.layers.12.mlp.down_proj,896x4864,0.9000072049019032,csr_i32_rowmajor,128,1,5.677545887335604,1.2963817946416514,0.2867203326904667,0.1098039215605624,0.04079129347586429,0.585521943362687,0.24768881111014343,0.33783313225254363,0.0020691869847280922,0.0019141717918264905,0.23706448914197153,2.744503417382087e-05,0.005098430501371151
sparsegpt-u90/12.mlp.down_proj/t1-m128-csr_rowmajor,/mnt/netapp2/Store_uni//home/ulc/cursos/curso395/sparse-inference/checkpoints/sparsegpt-u90,model.layers.12.mlp.down_proj,896x4864,0.9000072049019032,csr_rowmajor,128,1,5.883562372011297,1.288037381023806,0.28201907602010706,0.12941176469827811,0.03476715008406439,0.5794749722902218,0.24712613076584014,0.3323488415243817,0.001985157381051899,0.0015830010208976815,0.24098495408099763,0.00014853125304816917,0.0050954004144814925
sparsegpt-u90/12.mlp.down_proj/t1-m128-dense,/mnt/netapp2/Store_uni//home/ulc/cursos/curso395/sparse-inference/checkpoints/sparsegpt-u90,model.layers.12.mlp.down_proj,896x4864,0.9000072049019032,dense,128,1,8.228956292078381,2.7603324314150965,0.5150920461102573,0.07450980391476567,2.6216146024692358e-06,0.4282597643569962,0.1255940314019716,0.30266573295502464,0.00809821670059331,0.004366286791806372,0.046690722624456296,0.018553364952684673,0.001671528799120286
sparsegpt-u90/12.mlp.down_proj/t16-m1-csr,/mnt/netapp2/Store_uni//home/ulc/cursos/curso395/sparse-inference/checkpoints/sparsegpt-u90,model.layers.12.mlp.down_proj,896x4864,0.9000072049019032,csr,1,16,0.09779791614622996,0.9820721739578593,0.2096392064337003,0.1300167378482048,0.017051603312745373,0.6705908008602589,0.13690366563541342,0.5336871352248455,0.09389229562474422,0.00838078160648571,0.030998191744265997,5.874043504085815e-06,0.002339492776032801
sparsegpt-u90/12.mlp.down_proj/t16-m1-csr_i32,/mnt/netapp2/Store_uni//home/ulc/cursos/curso395/sparse-inference/checkpoints/sparsegpt-u90,model.layers.12.mlp.down_proj,896x4864,0.9000072049019032,csr_i32,1,16,0.08247554325197413,0.9839437349346903,0.18195992170806338,0.18766999088681763,0.012952925280210515,0.6613835183065624,0.11272802190840256,0.5486554963981598,0.09365127766850939,0.0016517353049002846,0.013973384737267901,7.000721869778843e-06,0.0019894177215783143
sparsegpt-u90/12.mlp.down_proj/t16-m1-csr_i32_rowmajor,/mnt/netapp2/Store_uni//home/ulc/cursos/curso395/sparse-inference/checkpoints/sparsegpt-u90,model.layers.12.mlp.down_proj,896x4864,0.9000072049019032,csr_i32_rowmajor,1,16,0.08016450957907455,1.0056631979390258,0.23309989147171922,0.1193574193347405,0.03122519088373225,0.6659750122009271,0.11348691536649023,0.5524880968344369,0.09280915903386457,0.0017131369378699517,0.014768049178183891,6.317386494734923e-06,0.0021349033559617484
sparsegpt-u90/12.mlp.down_proj/t16-m1-csr_rowmajor,/mnt/netapp2/Store_uni//home/ulc/cursos/curso395/sparse-inference/checkpoints/sparsegpt-u90,model.layers.12.mlp.down_proj,896x4864,0.9000072049019032,csr_rowmajor,1,16,0.09448328647142332,1.0099610950491937,0.2167026528074786,0.10917111943695204,0.026586913849197823,0.6728347800966472,0.1368974863726748,0.5359372937239724,0.0928088132363415,0.009115515396545006,0.029247562728906388,5.9498549000091554e-06,0.0021452909472165866
sparsegpt-u90/12.mlp.down_proj/t16-m1-dense,/mnt/netapp2/Store_uni//home/ulc/cursos/curso395/sparse-inference/checkpoints/sparsegpt-u90,model.layers.12.mlp.down_proj,896x4864,0.9000072049019032,dense,1,16,0.03932385705860678,0.37977574387022184,0.08558414610987797,0.061733084017613196,0.00824488062991434,0.8562480747221589,0.5766916659358736,0.2795564087862853,0.2308389769877119,0.27789381763622867,0.0740914683251554,5.5123684077567115e-06,0.0019614119740148828
sparsegpt-u90/12.mlp.down_proj/t16-m128-csr,/mnt/netapp2/Store_uni//home/ulc/cursos/curso395/sparse-inference/checkpoints/sparsegpt-u90,model.layers.12.mlp.down_proj,896x4864,0.9000072049019032,csr,128,16,1.2432090952293446,0.5594635283103737,0.06843071731188605,0.18795582242252157,0.002665599779572651,0.7644180238104838,0.18733397211193406,0.5770840516985498,0.08739016598869627,0.0050896324609316845,0.08876567036683372,5.233377008548723e-05,0.023849622569195282
sparsegpt-u90/12.mlp.down_proj/t16-m128-csr_i32,/mnt/netapp2/Store_uni//home/ulc/cursos/curso395/sparse-inference/checkpoints/sparsegpt-u90,model.layers.12.mlp.down_proj,896x4864,0.9000072049019032,csr_i32,128,16,1.259913740158031,0.5379065391377665,0.07166466366976577,0.16248732987092987,0.0031928272820536817,0.775047752868291,0.2157070739948658,0.5593406788734252,0.08760845791918653,0.004925440143043987,0.11769364311891495,5.964214204443438e-05,0.023222720004958567
sparsegpt-u90/12.mlp.down_proj/t16-m128-csr_i32_rowmajor,/mnt/netapp2/Store_uni//home/ulc/cursos/curso395/sparse-inference/checkpoints/sparsegpt-u90,model.layers.12.mlp.down_proj,896x4864,0.9000072049019032,csr_i32_rowmajor,128,16,0.40344433841957333,1.1908261160865257,0.276137033914221,0.12426255404544961,0.02797139387296536,0.601385766252934,0.24234706551886162,0.3590387007340724,0.016524758009344005,0.004670285560595,0.22209895335006238,6.355917525111443e-05,0.005941187780537381
sparsegpt-u90/12.mlp.down_proj/t16-m128-csr_rowmajor,/mnt/netapp2/Store_uni//home/ulc/cursos/curso395/sparse-inference/checkpoints/sparsegpt-u90,model.layers.12.mlp.down_proj,896x4864,0.9000072049019032,csr_rowmajor,128,16,0.41040556467101286,1.2051704189297077,0.26837716444530635,0.12252771458047294,0.03313820536252396,0.6029809901628501,0.2384962939265993,0.3644846962362508,0.018533422452785185,0.005280885028287022,0.21265147913109805,3.3315355965116225e-05,0.006312087566223316
sparsegpt-u90/12.mlp.down_proj/t16-m128-dense,/mnt/netapp2/Store_uni//home/ulc/cursos/curso395/sparse-inference/checkpoints/sparsegpt-u90,model.layers.12.mlp.down_proj,896x4864,0.9000072049019032,dense,128,16,0.6090313743707663,2.5980801502421293,0.4543488532657672,0.14042935363235498,0.015153386462343836,0.42713191044552323,0.14022984601107621,0.286902064434447,0.024601755925020622,0.006190714643772601,0.0560226395792578,0.010856679320850045,0.0003913358480396765
wanda-block16x16-70/12.mlp.down_proj/t1-m1-csr,/mnt/netapp2/Store_uni//home/ulc/cursos/curso395/sparse-inference/checkpoints/wanda-block16x16-70,model.layers.12.mlp.down_proj,896x4864,0.6999548431625939,csr,1,1,2.5516869850376875,1.5773764869977605,0.2971837938737131,0.23137254900880697,0.022815597722990695,0.46672455055029427,0.13686347251722095,0.3298610780330733,0.05344649430846899,0.0017155162506505854,0.04297391242716313,0.03429657839098479,6.955235037972273e-05
wanda-block16x16-70/12.mlp.down_proj/t1-m1-csr_i32,/mnt/netapp2/Store_uni//home/ulc/cursos/curso395/sparse-inference/checkpoints/wanda-block16x16-70,model.layers.12.mlp.down_proj,896x4864,0.6999548431625939,csr_i32,1,1,1.9653665208592415,1.7179249957242055,0.40248023693186097,0.08627450978967312,0.0646498814500851,0.4607283128267587,0.08148910004751653,0.37923921277924216,0.06968177755785344,0.000719851703772931,0.002913804910646775,5.8971027162116674e-05,5.6626933659406e-05
wanda-block16x16-70/12.mlp.down_proj/t1-m1-csr_i32_rowmajor,/mnt/netapp2/Store_uni//home/ulc/cursos/curso395/sparse-inference/checkpoints/wanda-block16x16-70,model.layers.12.mlp.down_proj,896x4864,0.6999548431625939,csr_i32_rowmajor,1,1,1.9647464004894761,1.716744088417942,0.4025063051398053,0.12156862744027597,0.05417049618962549,0.45412494873321374,0.08034595570344132,0.3737789930297724,0.06916658977018235,0.000836017244206189,0.0032591867982988496,0.00020529003467386925,6.683582078753453e-05
wanda-block16x16-70/12.mlp.down_proj/t1-m1-csr_rowmajor,/mnt/netapp2/Store_uni//home/ulc/cursos/curso395/sparse-inference/checkpoints/wanda-block16x16-70,model.layers.12.mlp.down_proj,896x4864,0.6999548431625939,csr_rowmajor,1,1,2.531638057161295,1.587542237942868,0.30698574587706773,0.21176470587425297,0.024733210283835343,0.4685943761868864,0.13298904802322611,0.3356053281636603,0.05446765638920914,0.001390270964358686,0.04729129256992672,0.02467166116952102,4.046876541350276e-05
wanda-block16x16-70/12.mlp.down_proj/t1-m1-dense,/mnt/netapp2/Store_uni//home/ulc/cursos/curso395/sparse-inference/checkpoints/wanda-block16x16-70,model.layers.12.mlp.down_proj,896x4864,0.6999548431625939,dense,1,1,0.6568461255934932,0.3355137483349168,0.07778178273042781,0.06666666666266606,0.011115116060260622,0.8660170768409268,0.7324548030191759,0.1335622738217509,0.1350390799111062,0.04110786514224208,0.46162286905338595,0.10486349900580716,1.9229104841813546e-06
wanda-block16x16-70/12.mlp.down_proj/t1-m128-csr,/mnt/netapp2/Store_uni//home/ulc/cursos/curso395/sparse-inference/checkpoints/wanda-block16x16-70,model.layers.12.mlp.down_proj,896x4864,0.6999548431625939,csr,128,1,16.10332254176488,1.4824861670236769,0.21832642927894072,0.36078431371737685,0.021044180598293525,0.4288834698316691,0.1860473745724027,0.2428360952592664,0.005662318594909163,0.041883251295625035,0.1464079687718864,0.019465667231603628,0.01272642401379601
wanda-block16x16-70/12.mlp.down_proj/t1-m128-csr_i32,/mnt/netapp2/Store_uni//home/ulc/cursos/curso395/sparse-inference/checkpoints/wanda-block16x16-70,model.layers.12.mlp.down_proj,896x4864,0.6999548431625939,csr_i32,128,1,15.629181589853639,1.4860874590259965,0.216650501602124,0.37254901959918885,0.026627214497346043,0.4017674871824435,0.17142583871286765,0.23034164846957583,0.004461159466115772,0.035240771212955525,0.16779662774950901,0.0005649045931643938,0.013019937785159629
wanda-block16x16-70/12.mlp.down_proj/t1-m128-csr_i32_rowmajor,/mnt/netapp2/Store_uni//home/ulc/cursos/curso395/sparse-inference/checkpoints/wanda-block16x16-70,model.layers.12.mlp.down_proj,896x4864,0.6999548431625939,csr_i32_rowmajor,128,1,16.07517893894773,1.3556496988292717,0.21798512198562991,0.29019607842467726,0.02460150493806658,0.4834121518375001,0.21533182581475951,0.26808032602274057,0.002262582039317166,0.043731549194381505,0.19612186960799166,0.00012178032970106723,0.002103012466863172
wanda-block16x16-70/12.mlp.down_proj/t1-m128-csr_rowmajor,/mnt/netapp2/Store_uni//home/ulc/cursos/curso395/sparse-inference/checkpoints/wanda-block16x16-70,model.layers.12.mlp.down_proj,896x4864,0.6999548431625939,csr_rowmajor,128,1,16.374208817142698,1.370446051418146,0.21028568402059933,0.3058823529382834,0.01723916929725132,0.4835443536516069,0.2152525023294389,0.26829185132216804,0.0024972430975498073,0.0479527780572073,0.17721903673909079,0.011840965643447162,0.0030402526032678352
wanda-block16x16-70/12.mlp.down_proj/t1-m128-dense,/mnt/netapp2/Store_uni//home/ulc/cursos/curso395/sparse-inference/checkpoints/wanda-block16x16-70,model.layers.12.mlp.down_proj,896x4864,0.6999548431625939,dense,128,1,8.265893204399378,2.7480552912218617,0.5218055245942177,0.06274509803546219,2.465529741805572e-06,0.4277542609677053,0.12899481124798365,0.2987594497197217,0.008405736010665198,0.004686411977916525,0.043772957480124226,0.02475703712563525,0.001345594931162146
wanda-block16x16-70/12.mlp.down_proj/t16-m1-csr,/mnt/netapp2/Store_uni//home/ulc/cursos/curso395/sparse-inference/checkpoints/wanda-block16x16-70,model.layers.12.mlp.down_proj,896x4864,0.6999548431625939,csr,1,16,0.1993868143712111,1.2920568805850905,0.2770387047155836,0.13846722745689666,0.03660189399829071,0.5982336755476485,0.1073007368915847,0.4909329386560638,0.07728740268342253,0.0022737752888941534,0.01840729693450253,5.921706398398449e-06,0.001320657834211901
wanda-block16x16-70/12.mlp.down_proj/t16-m1-csr_i32,/mnt/netapp2/Store_uni//home/ulc/cursos/curso395/sparse-inference/checkpoints/wanda-block16x16-70,model.layers.12.mlp.down_proj,896x4864,0.6999548431625939,csr_i32,1,16,0.16334929421187724,1.3095119915617628,0.30011237270456376,0.14902846979371326,0.03861721830666765,0.5811082308016176,0.0919022311508173,0.48920599965080025,0.07907815131103602,0.0007936577064670814,0.0043230270952998966,6.684556220034449e-06,0.0007661103354059656
wanda-block16x16-70/12.mlp.down_proj/t16-m1-csr_i32_rowmajor,/mnt/netapp2/Store_uni//home/ulc/cursos/curso395/sparse-inference/checkpoints/wanda-block16x16-70,model.layers.12.mlp.down_proj,896x4864,0.6999548431625939,csr_i32_rowmajor,1,16,0.15996945400953308,1.3331356299163706,0.310091344778583,0.12234297025776449,0.041432526645119774,0.5770917104378783,0.09174384245123036,0.485347867986648,0.07806746009094312,0.0006749699023889231,0.004887253662655143,6.496018425990041e-06,0.0007802678156665029
wanda-block16x16-70/12.mlp.down_proj/t16-m1-csr_rowmajor,/mnt/netapp2/Store_uni//home/ulc/cursos/curso395/sparse-inference/checkpoints/wanda-block16x16-70,model.layers.12.mlp.down_proj,896x4864,0.6999548431625939,csr_rowmajor,1,16,0.19525763798893106,1.3137487503772254,0.267302976774736,0.25117290611734544,0.02985357731526521,0.5829082020318265,0.11047693918009509,0.47243126285173137,0.07567641522413034,0.003395499715976143,0.02204078705398712,6.054257157197352e-06,0.0017925573834940403
wanda-block16x16-70/12.mlp.down_proj/t16-m1-dense,/mnt/netapp2/Store_uni//home/ulc/cursos/curso395/sparse-inference/checkpoints/wanda-block16x16-70,model.layers.12.mlp.down_proj,896x4864,0.6999548431625939,dense,1,16,0.04193771317878418,0.362247867689597,0.08351299053963344,0.06297383586316313,0.008826063359776235,0.8596690141927168,0.5640523631080775,0.2956166510846393,0.2047631361644379,0.25957787997927007,0.10799804382124192,5.968887365137996e-06,0.002000313975630129
wanda-block16x16-70/12.mlp.down_proj/t16-m128-csr,/mnt/netapp2/Store_uni//home/ulc/cursos/curso395/sparse-inference/checkpoints/wanda-block16x16-70,model.layers.12.mlp.down_proj,896x4864,0.6999548431625939,csr,128,16,2.3444890807097165,0.7220627775573781,0.06488667886231046,0.3821010538579393,0.0012618981885243296,0.5655740122606563,0.15505312168115745,0.4105208905794988,0.07199585222546515,0.022421933243246234,0.09857833777100355,0.004522841570695292,0.013253095913172093
wanda-block16x16-70/12.mlp.down_proj/t16-m128-csr_i32,/mnt/netapp2/Store_uni//home/ulc/cursos/curso395/sparse-inference/checkpoints/wanda-block16x16-70,model.layers.12.mlp.down_proj,896x4864,0.6999548431625939,csr_i32,128,16,2.325399787012338,0.7049004889749768,0.06764771711096307,0.3652222472740236,0.001236243988921375,0.5822759889089845,0.17150967188676847,0.410766317022216,0.07282770120739143,0.019736846626154818,0.12298758700864754,0.0002394754918453741,0.011451108838215854
wanda-block16x16-70/12.mlp.down_proj/t16-m128-csr_i32_rowmajor,/mnt/netapp2/Store_uni//home/ulc/cursos/curso395/sparse-inference/checkpoints/wanda-block16x16-70,model.layers.12.mlp.down_proj,896x4864,0.6999548431625939,csr_i32_rowmajor,128,16,1.9157068498738044,0.7760726725142642,0.0955161800101295,0.29347199679706765,0.002975581511081914,0.6254833144362663,0.2482058907847042,0.377277423651562,0.050847665365522765,0.02800672095025096,0.21260061565230304,1.0242937413443749e-05,0.0008839698415881216
wanda-block16x16-70/12.mlp.down_proj/t16-m128-csr_rowmajor,/mnt/netapp2/Store_uni//home/ulc/cursos/curso395/sparse-inference/checkpoints/wanda-block16x16-70,model.layers.12.mlp.down_proj,896x4864,0.6999548431625939,csr_rowmajor,128,16,1.6460830445289873,0.9149663936890898,0.1346456783422386,0.2945961398783663,0.008307070305279125,0.5865669924455073,0.23227883683563447,0.3542881556098728,0.04517001174890617,0.03396363010238264,0.19010453782552028,0.002857969217398372,0.0021741550017818257
wanda-block16x16-70/12.mlp.down_proj/t16-m128-dense,/mnt/netapp2/Store_uni//home/ulc/cursos/curso395/sparse-inference/checkpoints/wanda-block16x16-70,model.layers.12.mlp.down_proj,896x4864,0.6999548431625939,dense,128,16,0.6081089067805614,2.6012952076150597,0.4537502579846471,0.13725075602932263,0.015528658747731416,0.4276309528938007,0.14139448616929856,0.28623646672450215,0.025088866798915067,0.006418447914543016,0.052064093927571505,0.01445069689453252,0.00040976022335018265
